"HolderAddress","Balance","PendingBalanceUpdate"
"0x5d40c724ba3e7ffa6a91db223368977c522bdacd","8937679.04534211","No"
"0x25756f9c2cceacd787260b001f224159ab9fb97a","17947000.5153752","No"
"0x543a59743fe2967553512166f739c965ecd78763","5.37591333361123","No"
"0xb0fb35cc576034b01bed6f4d0333b1bd3859615c","187060.776964142","No"
"0xb08f5c12d50e775d360b600da766b0b77aa1c886","5.63E-16","No"
"0x693c188e40f760ecf00d2946ef45260b84fbc43e","1E-18","No"
"0xc0e4c5a33ccd4c286fd64b91cdca42e2a59a68d7","7.00343926343976","No"
"0x93f5af632ce523286e033f0510e9b3c9710f4489","200.786666387235","No"
"0xdb6f47e34ea7b6b4095009e90dfa91d39fbc5cc0","8000","No"
"0x86996bc32795ac8718436d875d9e8b913c901913","2403.71984702634","No"
"0x1ca48a32482ef29708e95f248e8a613f05782ed3","31703.9789547614","No"
"0x80c53d18c9769aef7be2c574308615c53ab8aad5","112995.791417795","No"
"0xdabbe70990a344805f89ac6712de73f33cd3a7d6","12500.003106398","No"
"0x0cac9c3d7196f5bbd76fadcd771fb69b772c0f9d","118271.294949492","No"
"0xe79c6b51ec3a89a5f0b4ca89ea8e7728f6a4d2a3","4481.90346333121","No"
"0x0c17f4ac96d914e4a224f1377cba132fcd8b8ded","76000","No"
"0xaaadaa1807a94c1995fd3404f39d5bb289114b1c","384.794305868994","No"
"0xffc02940b6f297bb3aaca6d790f65c1d28e891f7","1024","No"
"0x1baf797c20c09229ae9f62a6eba2201a7150b989","15000","No"
"0xc0ae13c8c7f74cc06d13449de97bc25bf85ceac1","10596.8086463893","No"
"0xc2d14c396822ba325aa8c8d0f6213828cb69d925","19960.7866341879","No"
"0x18db5c1b33d7796caea49881b8eaca874052c107","500","No"
"0x5c0a543f09c67fb0850db0bf4475ac614a60bcb2","5460","No"
"0xc3f6e18b429b6baf1bd31b1e504aee7827c7aab5","4666.96067135481","No"
"0x7d7ad5806dfe5f470a7842c1cb2621b03a3308b5","22500.0524624612","No"
"0xbf62145619d796a72469bf33fb252f9c752378da","105","No"
"0x6b12d3f2244c3e3fa3bd921fa9871ce74f6f75a2","5850","No"
"0x2b9c770ee37b9193faac8fbfc4b78635ddedb175","6351.73205793119","No"
"0xcf95a048bcf6b71f326fb8a1bb6071de525ed5ab","1000","No"
"0xed427fc176dc0f8ae6d2e9f82436fa6c8e9972ef","20215.3516774392","No"
"0x1538dd3c19d3122d94c72ac35ed6b4b54cff93e9","120442.4","No"
"0x1056270360ef979dbc3cf5fe940f88640d08861d","116561.887098517","No"
"0xc701bd908bf4a14e12734f60b451ec2c99eb0f0a","5000.0000641463","No"
"0x26bc7daff54a8fe4d385c37d6d56b0400a66aa0e","9.9562031365E-08","No"
"0xccb92a7e6688601da80e2c454d1ff52f69505907","62106.912221667","No"
"0xa7a0f61c5c255bcbf9528fc2ad01b6138e41c5ca","1366.91913569337","No"
"0xaff83b1b9f51f531e76bb381764a48e12a57ab2c","62104.9","No"
"0x3d97891fdfdf60042ec5d432dde5b04105c28d1c","845","No"
"0x5bca7d4a63b9b2a70b40bf412bbf94606722ffb7","216.918","No"
"0x10a16b7db111ff443e789361298ac1aa1ff32f52","13075.5605107097","No"
"0x2d92e5adee27aed0c7ecb67a187e48e13f7b81bb","1200.97659098312","No"
"0xee5e749689bc16778af3f3c274ae14099a83a8cd","1001.4755094359","No"
"0xf10d1406aead0101649a0b95d1891b92d05c75bb","750","No"
"0x47a98e905e6915ab06202ad405f1c51f667120b2","71326.0903088776","No"
"0x498b01e533be7c65826a37408f8795c0df693b76","1.467E-15","No"
"0x335f4f538c9d2b41f89b8b6fd2acb171a6b608ed","145.439461148161","No"
"0xf0c354be729690674a6544d59bd595bd0d8d297c","9170.43503301172","No"
"0x20e5ac3db9c2e303dccd1fcd9fd4a78b38d34fa1","8770.29480816221","No"
"0xc91348619600b50ddebebf24a22a925f56b66209","2898.1545","No"
"0xb5f522db959e9d8e5976274e9a25d29b0219f312","2187.93598150165","No"
"0x086f51fced9ff6c742d706c319112359e3658b08","3727.74299504411","No"
"0x0876e4a2ea5ec076b03e93543036f71552a84ede","4262.8118","No"
"0x60419e5ee8ca2a3d6bcbabf664588fa18e254f65","3002.40095995044","No"
"0x920722cc1e3f2b63d8de735a2645cd6fe625241a","910.413995628616","No"
"0x79a390924d8837340c09808e9bfaf8d4f866a213","167.432181065247","No"
"0xc784aa191b4562d4ae860b851461d7fac80acf33","5.59214224067607","No"
"0x4c4d6fb5234e748f9d8782e37e686fbfe52dc765","20","No"
"0x7ff8a323fca1a6d3588ed7c72bd8fa05a4b5ede1","0.545","No"
"0xa2c2152f38a914f5c52dc256b35c0f30aa1b0720","1332.59167","No"
"0xbdd6f766f7fb7ca9c5d398707da0b1e490dbccb6","9592.21111583175","No"
"0x01fc336274c2523c23e42af24e91ec0172bafac9","12402.7521002928","No"
"0xd03614c920a0c334b842320999398e1387791bf8","77320.9187665983","No"
"0x4e5912bbdb07d4f054828e66d14534801a283ff4","5101.1844","No"
"0x404c1aa9e136cbb0f909ff2519838ea44ccd6455","776.345292685533","No"
"0x4ac5ed4b31f4f0e16bd96bf2d9f96200d7c266af","4897.29568773286","No"
"0xe9c2e301a9505d66be674a7d2b5c6dba40b49f2b","5692.41892902244","No"
"0x75f0e91e9cbbdac4ca253c0939f6d149fe4397ff","2279.70493320625","No"
"0xc5c5c8eddfdd89d10f1f9ec2a6b8cdce52cda1c7","1000","No"
"0x187647a3b92691baf8e3afb9385146a2e272de94","5210.82729154435","No"
"0xc782d12bc754a1994e5838cef0cd5f6dec780cb5","213.376689222564","No"
"0x8a67ed545879b808dc1441180dc6230f842f99c4","500","No"
"0xc6f03df53a6882e67f375d1ea0173f68a39eeba6","351.661955063893","No"
"0x7993dcfb6398022d9c124c6f0fb3712de3afcbea","23283","No"
"0x188c30e9a6527f5f0c3f7fe59b72ac7253c62f28","2617.41745800506","No"
"0xb08be767cdc33913f8e2fa44193f4e2eb5725876","2815.8217158541","No"
"0xcda459ba2e5bbba181c7e0aa559eeef7cbe1a04b","16017.3211051748","No"
"0x2cbf837858fff7ab6112a1cb76384a088a75df0e","1.4157241541E-08","No"
"0x854865641338fc2e4273d149a08664b5e3237429","1000","No"
"0x98c6938f15cb8e12aff2a8ca9b0a9f2fc6e20901","1.001E-15","No"
"0x7ee48e615dcc2de11fe7967298063141277c4fb4","4169.74925381763","No"
"0x768e3e864319d289429a78bbf6a60294b8cd8630","2283.94042553113","No"
"0xad0c8d2e5ce5581d01e9fa34e54717544c38b2df","57.4609162600369","No"
"0xd9179964fcece4043c93a0c9f9be0669c073d536","148.183825233996","No"
"0xdfcccf2dcb5376abad88a38350cbb91bcff83c27","2037.38774636919","No"
"0x603235e348d67f44d0c01b3573a37271d9d641c1","121444","No"
"0xec649f9a0a4e5f4b2ee5c3ea419db60d74b33847","2547.03414925768","No"
"0xc8382978003d719f85ee9d563c81f18706bb4450","366.918089169066","No"
"0x9388d236346266e68daaeae735c1941f37ebeab1","21.7365462806195","No"
"0xeb3275a120e3fa04d0aca6df127f8091ee6ccbff","1503.62603639553","No"
"0x95c7887f349b897152faa4a79207b58b0c8dcaca","60.4762312765039","No"
"0x5d5bfed49e986b9fb0f03bbdc788c9c46362149b","1062.57290436359","No"
"0xdec4b45004ca7827d5eaa0ab08665e973246c8bf","450.696877584876","No"
"0x5f5562ebb5dac6507df01350f14e5f57dec9e18a","719.812624729947","No"
"0xe0365fff89830850c3d6fa933587b33446ca0547","537.738366472089","No"
"0x374601059c4dc94b715f134a0e0494998b1bd052","234.485952962505","No"
"0x73ded57cac2b34a07d2c598a302164637c07fa45","1.33374531E-09","No"
"0x95c3f3f5f805e604462dfd51fbea5330f5963b35","400.193596327043","No"
"0x171a574b0ada3b66f2b54a9a185e2ff44e06242e","1011.66230763423","No"
"0x083d3ea179fc215758623152cb9458e6fed6314a","3.87581399755303","No"
"0x6aeda684657f2863ab0f80a456174c70b863182b","92556.5329","No"
"0xd6f0bb2a45110f819e908a915237d652ac7c5aa8","1","No"
"0x1aea5e7a094ab5f411bc478ca8c86f0424c63de1","2000.9027669712","No"
"0x60c03347f1d867f71d0c111acbfa4bb977517989","114.095255921095","No"
"0x5a0f2c1d8e563db79ee40f979f6bcd0d27f86f80","2027.02404217686","No"
"0xdc60519443c9ae21415e00ab7a26e1a4ee80cdfa","550","No"
"0x2a1049062c6cfd69bd38fbaf3b0559df1dbbc92c","200","No"
"0xff587e71219c867456858dd61add3b1d28263351","252.025147212416","No"
"0x659fcadcf0b99ddedc7d05b2a5fd27a1b10334ed","290.199606873464","No"
"0x8e2cff292d1d7703454e723bc1911b77233d7950","0.964613910708412","No"
"0x12a59989f8f06130bda8d6e936b2045c734f19ac","23.3078896374726","No"
"0x5c7c0fdc44b44673f070535897d1208104a28950","0.00952502286204408","No"
"0xef2100051f46902496f05ba34a7884cd2d68ddb6","2280.72622710285","No"
"0x863a3bd6f28f4f4a131c88708da91076fdc362c7","5082.70915826623","No"
"0x70f9e4ed61ea9d7f9221b0b1c556f6b36c77f31e","844.834667024522","No"
"0x5890dc2b382ffb6199385d8ceccf7250c0ef31cd","500","No"
"0xbfd1de786bf03d9581e38335c7bfc351148ed1b8","40","No"
"0x742cfe2a1fb49ae444c91b696c771a7b2f65e9f4","0.0113956785076246","No"
"0x0c9e826a40f0f804123f5a360ce6b5c6640479f2","528.548627211984","No"
"0xfb8e5dc8987f4aa85cecce380e4c7365b2c8c2b4","26.490754354034","No"
"0x84834f6d5070ac6133248f19e659c9b3600b023c","397.999107261262","No"
"0x370c355c6cb112f45d205373c1454114711c5091","50","No"
"0xb6b6246bcd96399787511c69c1cdf1bd5e95e9fa","350","No"
"0x87616fa850c87a78f307878f32d808dad8f4d401","0.00945580166583833","No"
"0x549d581206d0070b15365ccd15f8fd11c1311f8c","2745.92871793085","No"
"0x65e5554d272c7032010068aaa1822d72331d97c9","2316.45222973127","No"
"0x66a12b0086e0320f2e6e26c6ff93157c0c365cfb","185.7041996579","No"
"0x3b80a859569f9cffe62a6215c51045c16356d745","500.939903908378","No"
"0x8cc8aa103bfe1cd8755dc80c64539370b587909f","339.007259486469","No"
"0x0dc6d074616280bf5234fff16e0bc8623ef9aa4a","5001.67914143339","No"
"0x9c7a095068633e75cc6eda79c2bcfc22cd5521eb","3308.69011922544","No"
"0xa42989c063589e84123343e3927b9d3766b27fba","524.749418217519","No"
"0x31e73a91ab1e697a3c5669e88dece43131d0518c","0.978349473026973","No"
"0xd2615eb0e51ad50cdec152770da38e71ca6195a5","1","No"
"0x7c309809577e8155bca15cbe5e3504d0888b2631","26","No"
"0xe1f94eb3813f753e8e59478aad688f4d00475246","5801.77914767708","No"
"0x60a1b5b2426be6384f898df4209c3afc6b52cf1d","5.669517416274E-06","No"
"0xff01492be5e8f673f8604439fc07ae95710b5226","72","No"
"0xd8e5ace1738a1d17a9966e4c2c551f43a23173e6","121.228271942449","No"
"0x11cf1a92bd127336b33c2ed86fe13a9ee628733f","1197.24151578738","No"
"0x165ef35562ae8b5b9dc36b99ae3ebc52a813ad77","4.5261E-14","No"
"0x974ede1bae765156ab43b434905976bde122e59d","1384.50467721152","No"
"0x11375b7305324edaf8d89d98d8abd2a29555e53a","294.743446093456","No"
"0xa0f899b0d87510b33f0926f1cb09ed1cfa93bd2f","0.629664489026286","No"
"0x885e44a9c1eb67fdd379a109fd21f916ec3bcec6","502","No"
"0x2de452d9db6dd731d0c8fab1c824e9bfe8713cd1","2","No"
"0x31b5e01dca4c7f5f8c9d8c9c18a0f89e9faed624","106.756863025514","No"
"0x3141293e2a60616c9638866c25ab70f10a8d35d4","5033.08052808045","No"
"0x5ef121ab4b27a8c29c0a79a7588b1e0b0289296e","103.150287590535","No"
"0x2667efe7abb7a619b7d1b3a486cef81fee6bae54","1352.54765182235","No"
"0x05a4448597935c508e4ad0d2cf56d56bedb246ce","91.223434236844","No"
"0xe1fdf92451be1fde56b6b77b50fa4c848d6dcfd7","737.480478429047","No"
"0x8591656bb9f1e1e66806a465572bdd1982c25761","124.952343326608","No"
"0xf12794d8c248218e38d56c996f1434b98bbc9e74","589.368360899936","No"
"0xcbb314d0bd5852bbf104201d91bc2f79d7751579","0.000963812023080247","No"
"0x89fbd25d2dc1e51ca2b120ed4ab9dd588a7ec7da","175","No"
"0x0cb72adb63eda454146c1b344664f925413ad270","21.2822552366923","No"
"0xd54e46c138c3c84f4b39669cbe15f00697c078e5","0.000463222958728233","No"
"0x11a1ee668c9505d39cd8a4aa94d2fa664ebbec7e","341.252114690489","No"
"0x989c2f812a383a61409be1c706c8cb5d807a0bfc","127.255575227453","No"
"0xa01cde6313ad690740c78043d5150b485dd190fc","102.777759021867","No"
"0xbb1351853e765b78cbac77402c80a6e87a368f0e","198.559107562389","No"
"0xe570cd64bfd9d71e196a29de029285a00a557d6b","983.41109882822","No"
"0x2584dce69250f921c130b4a923b8254ecb9167ff","0.538672012672596","No"
"0xf537b6553d8b5c12c031c9f252fca605ea7b0a68","0.29772159","No"
"0xad1808154cffbdf779a508d756b8c85c3b0bdaaa","15.5013350058389","No"
"0x7e131b45b7c2a287092ce817124f87c42be1bb8d","345.978393093557","No"
"0x132170df858710647af0b1dc9cd51a3110eb0d49","3000.86616203777","No"
"0xf757ff24f9a0f120a4ff882be241f0f6ae1b406c","51.92910887876","No"
"0x4aea9bcc69941f22841207a73e310ae25d91c54f","34.1554867459055","No"
"0x4b727eeefa1c0db4240e3ea0b0adecfa59bd90d7","77","No"
"0x9a105cb50e8389469451ee29698e64ea31fdc16a","50","No"
"0xeb5e632e356a55f3a19ffbb61696a8247f9caaa4","75","No"
"0x65168f4d02f9ca20cfe4ab82f98dc9f93d168c33","4.6","No"
"0x16aab6962f981e81fd803d4536682a176f39941b","154.343062237286","No"
"0x2067bed542762d26e2755ce7d8776728f3429f48","500.220179452221","No"
"0x1766263bd4e2b426aa45cb6a37fe1e3bbd535494","100.944065450413","No"
"0x827fca88c4611c794a03d2ab7f70d5ada542be60","144.267001363617","No"
"0x6672988f638d4ac3b905515517d08757ef84a6a2","8.1080114161273","No"
"0x33698d05dd11e63d19a63f297264fbc62eb335a4","23.485839292764","No"
"0xc71cbd0332bc0c91bd3219b3fe837c4de0313838","682.876501857343","No"
"0x35e32cf19435a37165a80196ee5f345402f10b6a","321.739975818829","No"
"0x7b597cecd8c1f271900ea9d3e4b6af1f2edbfde1","50.0000936533266","No"
"0x163bbba99e98ef741a41b55727d9a8371bcaaacd","120.552786657971","No"
"0x5d37a712e163c0f4a2bb70b7cf0590eefe13393d","50.5328351440085","No"
"0xe0cba5baf9779c7d440f75eea85b92a9dfaff765","4.78243373066899","No"
"0x45b3adeb9fdce000f7617352354e1e76592fd68b","687.15742835281","No"
"0x43a0b0c7eab73735995c3aea15342d3eaf9cb820","44.8963204337688","No"
"0x69e63729b921369d13f9c2d3fc47b85830d380fe","3.3531941674037E-05","No"
"0xce833cf84089002ee034f91d6f5eb7bb40915fe9","150.568372008309","No"
"0xf87867b4700d9b6e146ee174e3f1f749b47513da","5.905206692E-09","No"
"0x35848d72314330edd49ce39d15fc4b93f434d5ac","1498.05402788463","No"
"0x68a17b587caf4f9329f0e372e3a78d23a46de6b5","11.940466406883","No"
"0x97cbf38664db982b7e0e7110f1b8b48c7b75d66e","74.2349092658353","No"
"0x749278f10ed8e46a43dba19e775852c62c75be2b","46.89616464","No"
"0x27f03fb762bee8ff01ba3ff921933e15a78ac091","1","No"
"0xe9eb505352f7dc21ae0ea50bee5678e728457201","743.703141684831","No"
"0x0d5efbdf3ffa02eb669a4bbd62912160bd7fe42b","1840.50638838366","No"
"0x1a1a8c88fa3f9e055d08d89b470e61c74fb0c6be","7.670554709E-09","No"
"0x5e44da32def74370daaaf97be9e2862b829d2c71","42.6220360764665","No"
"0xa1785326e82e42803771aa9ebce9901f737bda97","42","No"
"0xfd3feff1e2dc24b0d22f6866362bc51c8a70e874","0.577328889509662","No"
"0x8927c99ff2766b30d21fabdcf5c3fa530dca7a73","2.0244610807095E-05","No"
"0xc2ed59122248b3ef64be4babcaba4e75ff31c016","1000","No"
"0x68fbabd02724d8164b3625bc3e6f9a45a5252969","0.0139732255639332","No"
"0xa00c4f9571969fc4c06ac18e26969883d3cf2864","2","No"
"0x98dca2b9cd7d5ae63f87e36809a352140873ba9d","1.71397545306904","No"
"0x861767a58d6f112de2b2b20488428e5451aa7c6b","4318.86502863129","No"
"0x5255ba157eaaab67aa6ab620e9473f706568dfe3","50000.0965070214","No"
"0x718def6383435d6581159b67c87ebb97b4a8f8a2","5","No"
"0x10dc1adc042dbe3f95d3216d13c928bf06b59738","92.151287395324","No"
"0x0055e75217ca5cb5aa8290cd966f9d85751a7993","13.8179954119417","No"
"0xd8c8622599c3798d56b519747f6ee65d4eda57f7","9.2137258351436E-05","No"
"0xbf3353cd4653585d498b96696c0be5cd4da63fb3","3050","No"
"0x8a3960472b3d63894b68df3f10f58f11828d6fd9","2.13828128238543","No"
"0x37558b37d6f92080b359d4a18096e8cadd371a33","9.32995061551E-07","No"
"0xf1915aba3c55ba20258e6ad98760eece256eff28","4.6057242254769E-05","No"
"0x3dbdb0d8a7d3e6e477711c36869cd0758fd992c1","4.9357520293556E-05","No"
"0x29c1a6f8462708d351a20e8c61d84a7e305d63d9","40","No"
"0xbeb32f1a6750cc44bb2d9f9e8710b58112bc1b86","0.577702","No"
"0x3a9ab6a640dfad6844f96ee0d132e30982225d5e","66.42075282","No"
"0x47d20fdb1a5fdb38b4be0726306c6a150d654ce2","1649.7085624756","No"
"0x5ef97fb92da73a967e39a7ebc54abc2a23c30fd9","1779.81014953587","No"
"0x67d651e9b94ad25568b7c0125bca8bff49de2271","5.49093672381082","No"
"0xc4ff50f331682093c0f4532428410c84e91398e3","552.485658746912","No"
"0xebdd4f8b75873d818c1d4bd7da6ac9d187b0fb7e","0.595296258550869","No"
"0xa867f72e35a58a84ad1840a4ae19c228ea619f53","298.943835715878","No"
"0x46f9b480d8d5c3d6fc8f448c022442f55aa1c93e","543.298809435948","No"
"0x5269389a29a28c3173db02907c8ad0b009da3425","418.162707781807","No"
"0x017ddd63d60394acf55c59069dcd058b86c573b0","15.7621419659682","No"
"0x78a1842cec5841aab3871ea8ff9e8b4e9fa47209","155.26395522362","No"
"0x10826b02e7788247f2ea8a5708eb3663d14f6546","31.8620666564283","No"
"0x4e5c8f6cd3371bf38216edfe676445fb465f4125","1013.39954449666","No"
"0x6083ab418b3681d0c197b1b2d2f2b48d2a6939fc","1019.0712117156","No"
"0x1da7492fd60d0dac7c214a2b9e7f264221d78b5d","165","No"
"0xe51c5c3a25a4b42da00589e3e6f3d0095872ff1e","947.758777826336","No"
"0x955d81e9a0ef56f332312b0cc476fc6235478b0f","338.944397509062","No"
"0xde9a3c738f4e56362b81c316bfcb1139d35bfe11","240.405","No"
"0x8db6b632d743aef641146dc943acb64957155388","0.000587828142108519","No"
"0xd41dd9eb23b79b5d3d2748a3b5c486c8f9852da6","3.6731362182426E-05","No"
"0xd669d4d8020e64a873c0c5fde99a944b06dff524","142.020920926896","No"
"0x073fda0cdb6dc1a64cd7e31fbe75a55cdfede4c1","0.000203832378360147","No"
"0x2d53f70a0cb6cf556235f43b2f4b1514eb537881","85","No"
"0xa6c8181faf27f0c4425e56711dfa0dbda8829382","50","No"
"0x1f79b20dd7525035f1a9dd4043bd21f45f07772e","95.1538262673158","No"
"0xa7dbee7f9ccdd8c91b75067cd31cf0b6d594fbfb","349.013396817263","No"
"0x16378cc5d9190b650d7ff6685aed95787ae93eee","148.65409690725","No"
"0xd45da880ccba56527f943862835176c84a6c2a3d","100","No"
"0x16486ac4551964068e533fcdb006d0d6a2a94e25","7E-18","No"
"0x32069a6be7d4596a854773c7cdcbb378efc0a6eb","8.05517013202447","No"
"0x262ecbc0fc2fe79c93bba49e9d232ae251e9761e","200","No"
"0x0c85dbd507c96ed631a88027565f9275783615d7","1149.09155555325","No"
"0x106343316997bc5b7ccb596f7f8043d546e690b9","84.9347052092862","No"
"0x5fc0a53a7e33aa6e41a93b718dd2216707251fc2","2.7668505066468E-05","No"
"0xaa62b644aee91fd5ddbb91d2ebb7fce19765713c","5.68E-16","No"
"0x202ac9a140c49fffc51acd4c65272a339fb9ef02","767.792910136663","No"
"0x6bcaa539ab97db627967c4bcffe83572895f6638","5.95004588193946","No"
"0xa078a5ca9baf069516ecda9f08d38bd23d8e1d1f","813.69257149624","No"
"0x8d3e621d6be9898a711bec76ba3b908778ad0aba","860.854056143656","No"
"0x5ea3122b1e231078eba49a8b29282d932eb40183","27.4203962055763","No"
"0xab0658c66670d93bf47b4b8d5797edd0a60f43a0","37.8609838889975","No"
"0x8a943b25cb57b9eefdf45a179b90ad1cf4d95f96","49.5738173855106","No"
"0x8833ff8b0259843399ccb649161b30d67d9e647b","18.4508941936871","No"
"0x2cf0833ab136989ca81c8ade3b874811ffd4252a","600","No"
"0xb8752b35e561506e509cdc692ddff41aa23d38f1","23.1955858154417","No"
"0xe8cc2a8540c7339430859b8e7902af2fe2d91865","28.2326615665468","No"
"0x7873c9b21e9647dcd60a6eaf8feb48d19381e79b","137.641227395503","No"
"0x7a5dc8262fac5fd2a12801e486cf4ae9f10dcd05","4","No"
"0x8705ccfd8a6df3785217c307cbebf9b793310b94","314.618762957491","No"
"0x0179b4c77d72d814ff782bb1a463dabea1a16653","120","No"
"0x0d0547c09695dce872318283ac067db9dfe17c14","22.7790426796383","No"
"0x6d350784112847ee6b3aea2a87f104cb8e9a1559","0.00163430086159284","No"
"0x0a40fe26d483b21f7b3621b0b02cb60228f31312","10","No"
"0x4a919786ebc581efcf96363d5e718774c4bf886f","34.5419729392883","No"
"0x6ce186f5fcc404c57d1e302a9108422e513f393f","197.116745855615","No"
"0x9dca899e0e5f7cbd01f863c4dba2432d77d9852a","100.945376763264","No"
"0x61d395483e1093bf490d7560361ad7bd40130015","27.4779841916318","No"
"0x8db20e8e4c229e2ad5abf7b0174d51053be90c05","32.7361795781509","No"
"0xd4e6edd8152f8a65e5b8c67e5116d2e90488690c","7.11502639738E-07","No"
"0x6da2a16df1ea687c49bc20105140b65032ad3674","26.0156245239572","No"
"0xa619bdc448aefaf07fc00da0f6000e33b927fc46","55","No"
"0xe650f61625b103ffc3053a5f5e569ab366f2331c","49.3236747560224","No"
"0x86deaa62535d64670c2afa1dbe3eb3cc5f418e9f","9.47698596083022","No"
"0xd553846bf030da0c5eaf7c829bd2257e51027bc7","1062.9537390251","No"
"0x3f48a19198b1e76b6d757e6a842cb267f3c3fc9b","92.8706796106366","No"
"0x9dd4755be456cf1b2b40ec697e51e0a1984a5357","8.39044117497393","No"
"0x71b8da97aa2a6cb69432ae005ba7930053e66668","8.60526114480195","No"
"0x1fefbbc536e4d6d22e63c7128226569bc9d50b9e","8097.05173390341","No"
"0x44ad7128ff5bee58ec58a386cad2e3405252645b","88.3180972453861","No"
"0xa29dda62c85019ace666abea557bf60a7fed6731","322.743102164671","No"
"0x77fb0deba36c1ae0057b8a07174ed3c87f53f11e","537.015098027569","No"
"0x9ce5d706c49a6df27aae63e7ae7dd9c6870a9802","60","No"
"0x70fb94a4cef2aaad5339ecdc552ffe9aa4dbe107","94.4286946867181","No"
"0x5c77379e3247fd1e39bc9735487f74673305a7de","1124.42103088606","No"
"0x2b2bc091c77da84184b24ee32d1c9cdb82cd6469","57.3131376307777","No"
"0x1b2724b98423864614faa3b56a14104972aca418","218.572555140884","No"
"0x69ab4dbc82d94744e751e0ab01d2266930c50720","23.1612049592478","No"
"0x6a651bbc682716e0c3e41f8885e40db206ac5d9c","175.347223705918","No"
"0x9dc6975830fcb2765a76d86c832dd71f400f1267","172.345514024119","No"
"0x8553598bbd8988c46df318381d705e1d12d3f302","350","No"
"0x42f3a783b8db7f9b66f822f621cf0eeb546d998a","10","No"
"0x4c39ada0340c1eb3cee343f44819323dd29081a9","3.760792513023E-06","No"
"0x67f74f3a0ac310512937ffaffd0cedff657feadf","80.8527077366742","No"
"0xa2d9a8a5078c311b1e33d2cc97ef3603b958f247","320.750565268582","No"
"0x2d2f683f30113f7e9357b5345ca650864028ac95","130.283430950679","No"
"0xef1b01501359ca15c8d66a08f18148e7c5a813e9","337.488787260066","No"
"0x71a8c7e97683227a82443bb94481fe8d5cc5db61","176.145278492594","No"
"0xeabbd7e1915271676a26ebe7970d00b4315adcc3","50","No"
"0xb4231050903bec1cd0784eb1e5c0255c958fe7bb","50","No"
"0x31d30a30f15ada3d3895e12796c34a425c815198","33.7509452886699","No"
"0x313c8b8158853285b380498c50b6d3b5c73f66e5","22.2846293250646","No"
"0x02f6b2671faddb9041283fa180eca74a5fda3dc8","19.4429746389546","No"
"0xd30a341be80d758fc1bcdd788dfcece86cd59b0a","72.3468765937831","No"
"0xb56bf895b108cc9126f33866b34349febc944c70","1128","No"
"0x0e3fa4f0e401cc6b34c6d36453408a76a1729523","30.4741378655551","No"
"0x274ac37d326a40698e332bca9e460f90376afb33","1818.89689233702","No"
"0xa65f705268b2b65e1ac26f256111c6ada82c2079","0.5","No"
"0x3224092b8d2a7bf7a3275f7c6131f7829a1efc83","0.5","No"
"0x814016d82e583a1a3215ca76f483da1889001d8c","34.5314773061759","No"
"0xad814a05837d40f303cdd8e00920846f5e142891","22.9014872649986","No"
"0x84d9b1c78c6bc683a93420ee82e7d4760623007c","18.6016142083179","No"
"0xab193431626c43e8483aa2e79b993f5c78b648f6","500","No"
"0x8386f63cb5246e2d2ee5d04f63c629bcb19de266","590.280791550335","No"
"0x9ea2d94ebd6d1e7eb798b38c1331d6a6a4d65847","25.3929753093738","No"
"0x2bd414e89420b0435e729dc169d0db6f1913836d","707.128999969569","No"
"0xa662de88fa227c791fe8385703c3a611fae586dc","4.5610675934116E-05","No"
"0x2722e144c1c00bbaa4edfe40880a422d521e24c4","0.978987808981388","No"
"0xd30e0c2c3b5ceb878b70052eed2b28a61ce84374","20","No"
"0x05ffeaebd18be7c15c06d77bd7ad8c8a62c51d3e","1639.17089132306","No"
"0xa6bb360dd166d87609895cfba3ae60b30fc8d108","1010.36536858374","No"
"0x4280172c9dda7f6b9e820fe4ad3fb3723d4604dd","163.995739737688","No"
"0x59776d993503b7743444e0804855c262c057ba50","39.8740584977085","No"
"0x46f9a1dc80df2e5d1cc0efd24f4ec341523753d3","3.1724970300547E-05","No"
"0xd7e8e5e6fc9b2d3002059c3526d70250cce18772","137.622612555636","No"
"0x0eb5c7dae91df1af376e79ab1a7ea420580bab7b","0.00463396610064404","No"
"0x137b4b67380f0f14321c413278fc2393c822cb55","330.12455980133","No"
"0xd8e15c71964b05ffa0884c9fa21e19f7a3c6449d","790.114651615378","No"
"0xecca2c876999d5f12160fea1d20446310bee3530","180.356366489489","No"
"0x3e75eff88a0b544443ee115e83be94b10fb0fa1a","205.038325725254","No"
"0xe2b9bc300f2ed097ea8cec11d3a8bb987dfaa91c","500.000229688888","No"
"0x8097c23a574eeac3eb442a86593395a7ea04cc09","2.28673739053E-07","No"
"0xa8b9f65c9d089ad947ac1b654cb43053d6480370","1862.76272435126","No"
"0x521cb0a9ae647dcfbdc49ea9e4d0b38c06eab3a3","597.874404745999","No"
"0x8b12a1219cf70aae572c64bf93c3ab42d51b0949","14.5","No"
"0xca50cc37abaa58d19e3a23ccb086f17f8384cb3c","8.86296468567931","No"
"0x5c9c3806342791989cc945c2293e05b7453c37ff","149.440239237143","No"
"0x32f785d8816612d7548b846c1164021ec0bc0352","0.00769503145475996","No"
"0xc15ef413e4894a2c3c3b37a77ed5e9b54c23665e","22.999873580256","No"
"0xd9dcb430edfa25960a9c0fcb6b866d32c93269e2","1","No"
"0xc3d695ed987ab54c7919e50abb5e85d85912a6b5","1125.25412013635","No"
"0xb8595d024afa36e0205af627e3b47bd5ca0cf67a","1645.27825061924","No"
"0x86f5ee89e674877e2227486b62a9585c89cf6576","18.5736883758939","No"
"0xa3f76c31f57da65b0ce84c64c25e61bf38c86bed","33.2734506835485","No"
"0xbcd4b6411e778409b455e22530f53998a843cdf6","134.610946593818","No"
"0xb8ee9583f8f90cdc23ae8f673252fdb25e4d6a8b","1502.33924875274","No"
"0xe4e5edd069f3a2b97cc7878ecd7d159b6a12e2fc","11899.5397918022","No"
"0xc0b374f27abccd5f34e30ba437adf10f084a66c4","2.0225157986045E-05","No"
"0x3ed2654c1b2e34dc4826ced74c393869d369c027","26384.8027050162","No"
"0xecb23c666a3054f311472f7e6532a87dd449c26b","100","No"
"0xcd77ab14359f22cbbcb97ca600cc0e9e3f5fca6f","25.5722303642113","No"
"0xe65f65abd59c258eba19d834f3c1fcdbc32d49ea","69.5123933462623","No"
"0x32ceb7ffc5e01be39dbd6439133b338d371ffb49","7.7250119E-09","No"
"0x79b6403e2553860b99ed6ca39887d39ee10187b5","828.943898633511","No"
"0x4c564daf4eb6568492cfacd6a6aef8ed8b608b7e","165.715006027965","No"
"0x5169a46cf0b99c0c1e8d078d3b9f9b6ed9a215ea","500","No"
"0xf2b8e9fc946e895fd6a26b80fd1bdb1bc2b4e82e","133.935858268622","No"
"0x274d4b3bfabf53bf1f07cdebd309a0e65be6657e","15","No"
"0xdb28326e00361211f10ac462da1d2f74eb10cc29","404.064503483646","No"
"0x6853d4c22f88895c6565a29ea230c24ae4c56345","112.762599932668","No"
"0x625f9bf31c6321c972e333cecf41708aee431a18","28.2730272484389","No"
"0xd545baba9485b144b7ff2e9520b4a503a343a95f","0.000464608955532561","No"
"0x8962de5ef346343bc4b35b33fa1538a198a6a6fb","774.202681859839","No"
"0x5e5d4347ad98a01127f1567cda05fed3654358f8","0.85201011852666","No"
"0xca32e9d1786b4bc09e4d03eae16316c65452d849","51.4662360027681","No"
"0x63a4cc056eadb4e28f3a7cd86ec02a3e21303bb2","810.177966669298","No"
"0xfc7ccf8cb5d7285c940c8fff8f3d5b2326379ee3","555.15","No"
"0x63f8d80b3551d7b099766de1e17f9fe0b019811b","185.455470768122","No"
"0xf955628eaec636bd66e87094c3b06c92a88731a1","159.260882934058","No"
"0x477fa13dce7493e9f702fd92671eb9a66ccbf04b","17.9352437852806","No"
"0xf45db938bdc83a3060e1bd629767eb0e96e3884b","9.50719539507199","No"
"0xd50b95859c13b516c4bb2b1a2df5ff5e429f0d4f","0.00381484524879884","No"
"0x5c5f4925bbee3ed4a94b1f88ef18a77117014a22","183.349073382518","No"
"0x7b754befab9b11a290b6d2d6a7c9413f6136d87e","356.469784013721","No"
"0x7a93df5f3b6938c39bb424b0abc6c76683637d5c","94.7033225296488","No"
"0x6b6c83bbdebcf334a2fa07bf569ea69f1ac2bc0a","0.0922215895941525","No"
"0xdfd785848a01fd1e7d10cdc3cfc2441a07acae61","56.1033737433736","No"
"0xf62de055153b8d6ce29e9b62cb13a8bff5655e4f","0.00375730399414241","No"
"0x38e4d3be9830b3d1794a43fe305518d6e26d757b","2","No"
"0x9fac66167a987ef9be5348acf1326111274b912e","10.6820462450219","No"
"0x013f1037b7e8da547dd430bc4e9e43beeb97ac72","10","No"
"0x016ea875d19f8fceda084170caffb58b26ec65d1","1000","No"
"0xa81ee72dd7cc876e08e638c2d2c96eee65b1127b","7.0835504576E-08","No"
"0x2a6cda9b6b6d4b08e67e76d6ba92c16e7c525b81","1.4931089545862E-05","No"
"0x680b1de2dffd78b4eb3702b0e1c7791c2346d45d","154.010030867714","No"
"0xd82ca7d209d099b2ed8fca7efb15d7d8a1542597","17.2839667029384","No"
"0xbb97f2eb4bb43119abf0f215b9fedd23f76053e4","4.0943372273456E-05","No"
"0x53fe88ceb39f23db1fcd4d6beb55965f6ac1764f","153.67164157614","No"
"0x456aeec5a5378b5bd94c15ae64e091bb6b0d970f","723.761465390432","No"
"0xbfab3fa9fbc422e9202558b3c51c2d1d0b2ba551","800","No"
"0x854ffee7d6bcb2429564a2184d6c92a461d8a1a7","41.6629627818698","No"
"0x67389cb595f95bafc6a9fb724e208b3073820cad","82.359627861263","No"
"0xe751765e257ce85d3e71dc38c01d7db91a9b4b50","589.679745511611","No"
"0x22a16100fc649520e3b52b389d600926238829a7","0.00783095483946673","No"
"0x94341efd773998d8bb1b111f6f0a9efca8dda932","1.7570078645072E-05","No"
"0x00000000b1786c9698c160d78232c78d6f6474fe","0.0078878011546787","No"
"0xeee4f5df2f446ab079763ba0dc5c6abd0af9ea59","11.1916503399929","No"
"0x0b18f542224b7198f780186584e6562b534e174d","6708.9479145529","No"
"0xba4b8fcacf85ab199061ff0cab75b33b72be3be3","30.0198762108444","No"
"0x125794788f3ec2019ffcc3bba2fa4bfb85aa5e50","23.2338364522845","No"
"0x5102614741a1b98c64891b44db049f03facd2f27","2000","No"
"0x60f0db67a5f31250e5448ef9ecbed2976e19339b","21.9718694087595","No"
"0x74c96a5d4098e45f180135a68d05fbac3f5ffef1","10.6239132901364","No"
"0x274f3c32c90517975e29dfc209a23f315c1e5fc7","4857.94292974642","No"
"0x5ca1990a7ee5e151b455d3687020921a559d2039","2478.96958650868","No"
"0x6d13c61dc9574a67aa3067489e9571bab10525a4","2071.04463395089","No"
"0x3a1ac31c2d57d9587921b67c34b93d06f02257e6","0.00234674572896949","No"
"0x3de2b018c19b4beacae33cf764a47f7441b8fbe9","0.0836812252828509","No"
"0xa8c7769797aa748f1ae9363a65d08623cfd8af25","1E-18","No"
"0x88c5bbdf222831923275bfe6241e3403138e9f23","3","No"
"0x0ac0a666ece6c5eee85b60a6c73a66d353680b74","0.5","No"
"0xa47de6e63ff57ad53fb696b5ddb0f29d128d22cf","7.137667213728E-06","No"
"0x125f2503e342950cfc1bd32de516abfb226d78b1","3070.81424672951","No"
"0x2deab169b20e8e6696362345072f56183948eb2b","5027.05844701889","No"
"0x3370bb2602b5e524840967e52c00d276e81f857f","0.313262511122032","No"
"0xe7f9d2d4b6d3d8535da330041ae7ce814c35622b","208.996049243138","No"
"0xbbef7b77f67843baae1413f31e05087581a51ffc","0.000461704644153873","No"
"0x75e89d5979e4f6fba9f97c104c2f0afb3f1dcb88","198.310000005557","No"
"0xcbb01fe401c80143e6800aec9a277540f2243cfb","94.25413776","No"
"0x5029e48bfb3300f368e08fff004bbcdc48b30367","53.4276555199431","No"
"0x28f7bd68a1267e4546caae691ff84692c83ec31e","116.244881174655","No"
"0x28872ba19147c04b40c0769b170a40faa52ab26c","6.1647237192464E-05","No"
"0x3fc1807c4c49ce0823be783fc45950239db35c7d","9.1078582774215E-05","No"
"0x29cdf9ebccd663d94182db1428e2abb7b7bb59a3","2642.56324785615","No"
"0xc26f910dbaf146274e78cad951e9ad2d4af0eab1","57.3700995455693","No"
"0x248d64cd0b04d5da62c4606fde8c1b00dd81286d","108.14","No"
"0x31e523f2fee6ea62f6eb4b9b04beb96027db27ed","0.0924302186978919","No"
"0xae4bd3ed6c96f350d3b1e0e6783ffaf4b6e4e5bf","29.5936123352176","No"
"0x6fad0697c0d98dd2a068df9f1f70d383b0bcf154","10480","No"
"0xa1302555eae657335fb9829cc5afdbe878239cf4","410.421314522576","No"
"0x0fb61a8e5cf37cc1de7c1fe155ee5295c3d02360","10","No"
"0xb4d8e80af92fe7d2fb68d82b20bae6fce73f32e4","0.277211765195384","No"
"0xaafb467069b5da3ed2b1c9b146186cfee5d12e82","128","No"
"0x397b01d5db52ec973d4428c9b327ac9045bca870","232.845686321245","No"
"0x74869c3704ec1a44dc5b4cda853eca3b0336e8e5","220.332567825684","No"
"0x9d1c63b8447aaf3f45dd721e80ba38ff1cd17145","60","No"
"0xa765f096ec12a50a252f30f906c52884902219f8","14001.9945274133","No"
"0xee521bb5a080ffb5058edfd93946cc5f186650a4","44.4368803693383","No"
"0xca68ccc5eeb27655d759e31aa1efb6a7a2715605","399.776500540384","No"
"0xa17460722fc090eccd29757e10dc617b484600cc","128.89744119514","No"
"0x581ff9e785500c19230184afdb0c84987cd9bad6","116.183251592507","No"
"0xd597f63c13bb621800da827e59198deec06be1fd","384.733846419208","No"
"0x2b8d25409756be0d700acf28ab01306d344ba044","420.444911186528","No"
"0x0093e5f2a850268c0ca3093c7ea53731296487eb","25296.9771714293","No"
"0x8906017aa70ea8909d91690add00a1a8d99d5c54","21991.6782557228","No"
"0xa2940a7850e1f14f1bd3203f9f97b5b53b177f7a","302.225875340312","No"
"0x008932be50098089c6a075d35f4b5182ee549f8a","4.33347671","No"
"0xc1a62c51b8f3b2eb569547fd113ff60cdd6d31db","1.3295099E-11","No"
"0x7ab955914f2e26f7c11a51039ed42c9b92465b87","5000","No"
"0x522321d2f7591259c8e1e3100ddae3e3151f2915","301.715436524914","No"
"0x21f8dde1e270850dba37d489c97717fc0da7bb78","136.092047570001","No"
"0x914aa89d10714021ff296b057cd3f1be2892a369","75.0292730547442","No"
"0xb87767cebf8e3cc0daa795a3582728016c46e365","167.745764518584","No"
"0x26b5022ec536d162aef7b5939cf65b99f4a84a8b","1.85171011883491","No"
"0xee0b6b7047fd4aaf23e66cffd5261f3a7fb4ab29","48.4091443129157","No"
"0x773cd1eed5e018d1e4903dda602a28203a97cc57","1064.76854161942","No"
"0x02e0e852f89e6cb59804b68b68a70908e22b29e1","203.990197355885","No"
"0x014d839a852a5bf1497ca110047cb84a17acfc87","120","No"
"0x59b8a3829124028b92f3f5400eb1bea5dc9a2c78","1301.44225912174","No"
"0x1d9299a8c34cf8e32857163b1d02b9b2e4205d9c","228.637094981475","No"
"0x9fc3df6547a37cb1310aa009b2e173dc921d80e2","42.0419234659102","No"
"0xe64262a940f948abbe4236eb936e07aa7550a1ff","24","No"
"0x59dfba5f24139616b5e9bb8cd38f807ed42a8507","46.0148536100199","No"
"0x8456432e28121e248f3d7856cefd3265206539c6","5.8566402572E-08","No"
"0x7333077f8c40df6b07c2ad8b6e81911e1e53e34f","55.664178917492","No"
"0x5bb456cd09d85156e182d2c7797eb49a43840187","1E-18","No"
"0x2cc5a915d693dd97b0fb01d11a4cccb077fd8102","579.232671859898","No"
"0x700f502dd64e1b1949a1ab3cda9e700b0701ec62","1038.06914229323","No"
"0xfd686d205eb86f8ecb0057b9f75e835e28ee4198","0.593852138946252","No"
"0x002471c86e9e97d393d84bddfa7d555a7fa2917a","26.9858019736622","No"
"0x7a4d404aa38ae081040faa81f70ac3ecbcef5855","330.591099070136","No"
"0xb8cb4c79bf12c5f29f71c44544f46b712aefd8cd","1520.0614594042","No"
"0xc322a572298ed6aa946c0b88e1ae2a0352081062","42.3730405018411","No"
"0xbb636c9f92a61b47241ec034924191e9275c4ef1","0.002","No"
"0xe13513d3befc40f3464e071adbec72d3c00985fd","0.332525790241142","No"
"0x8637c0e4dc74ab7914e09a0d05613cb1f9732f01","26.5280434961058","No"
"0xb3b76bc974e3b20dc30f3553e468ab3b52240091","55","No"
"0x58edb6f0ffffe081de157789053cee5dcd774da0","1E-18","No"
"0xf673ccb1d4791b1dad78d24dceb89b47cf7bbb07","409.329643201697","No"
"0x551dac820be58f7f44c0f0d08b53c97aa6eb8231","332.752973377117","No"
"0x21f6734bd42799e9c388aac3e24cc6f7c0284060","224.065241833554","No"
"0x998c1f93bcdb6ff23c10d0dc924728b73be2ff9f","223.325000737596","No"
"0xa530a12883907fbfdd7bc4698865a3e39280e2eb","3.91608438199443","No"
"0x257eb1e64395ddd14aec88a43467f2913f59aa48","1317.39871359814","No"
"0x905b52c2654ba6fb3df70a5afda5e9f7c9cbb6ef","50.1042339913864","No"
"0xe064b904dfb30bdd37886efb20bb328a6b5b4a6c","185.025552066812","No"
"0x73032d35641f43e4010437b003e8d2b5a63320dd","14.0837453943546","No"
"0x066815e08708ce26882e1e86a2746b6a70bacfb8","22.1067879731532","No"
"0x5876fad446bdc6b7b126446105b329403f6e17f7","380.039575178102","No"
"0xe809968423551135675f38ca77d9595c5d225918","130.48616383298","No"
"0x5efe43bce334ceaccd1c9872a9ada33881976e3b","1.043E-15","No"
"0x593973d9f348474f2ed9e56b64f1df2c273022ed","730","No"
"0xfc797b6086db5c14b7380dafeaad880663bee8ae","5.8602856098224E-05","No"
"0xc8fdccd9bb285b22a187f179d5eb9bfca6459c41","692.752694522421","No"
"0xfd4370c7ebdb41e25dac8a34cf4e13222a166289","9308.55317167054","No"
"0xee29fa63e27a392f454accd489233f4483174025","1E-18","No"
"0xf0f32c3c8def7b43caa14fed5752abc5381c8374","260.079786552684","No"
"0x84ade5f3850a7fee0abf021734fa53918ebf5d25","112.03231586916","No"
"0x02a2096966aae90a1a1fb1d3f5d7dc291b3054b5","615.931578427982","No"
"0x6ed617ac56cecaa5c9de1dee3849e103097baecb","5.4386E-14","No"
"0x7691c60a00deac2fdf5207f33ff8e2ef0b2ef812","17.9561480709608","No"
"0x7fbe9ca289d16a1f6ba43c0b80f5a0249d797a4d","3.009385055658E-06","No"
"0x5944e37e1112e6643ce9a5734382a963f6a75cee","3.87745678","No"
"0x2b77b72b1a8c0a4d3b420fcd1b0724a7d8c955e6","30","No"
"0x908cdc947345ccbc5356c9603cd8c91483eb4cb8","6.22398994892605","No"
"0x85304b4fe0e6897715d8b23ac3bf63edc4b22727","1000.76964687391","No"
"0x3b6dcdcf21b50ffbb54fec241663338f5cc14299","17.2270823411124","No"
"0x5eade2ec8962f6a7b44cb047fc2f99d96a782c8c","323.49203494369","No"
"0x468fbb979ba5da6625ec304eacb0192dbe035076","820.67793728014","No"
"0x007a9c8099a026bcd32397bd0f14b1eca72565e6","1534.12672163916","No"
"0x25b24e756f21916257cb919f2b764a06997db0c2","88.866779944148","No"
"0x37b026448beaa7e8bff5c17026e80969dab03b3d","211.322975550053","No"
"0x406cbfc2d391bed42078138165465128b4e0cb06","139","No"
"0xddbac1074966ca45a35455f8710e5bca39e3f8e6","28.9271727084951","No"
"0xcbc5aa0643999f162abfb6f721eccd6467e60501","97.3202948663876","No"
"0x2a62b3f0b46fe9e00f5bcd931f6bea5ce9007de0","99.0510192351026","No"
"0x8d9004e297950cac958729153fd7bb707d691338","8028.0877946192","No"
"0x99bb37c3ddee93c5b0fcd485e9282fb851aeb7b8","2674.18623722789","No"
"0xcac6097ab0980c24d70230fdaf86f4c34bf38cea","1010.14746446536","No"
"0x32d12fd0ffae00f541ca057b925af3ddcb584cfd","30","No"
"0xae9db1ff69cfca2720ff2e5d81807d7383138a39","1034.33172363648","No"
"0x480f4098ba2357c3221ba51861f175875ad9868d","227.51","No"
"0xd1bb61055ff50692fd02383ddefbc77580725a8c","8.40235606152452","No"
"0xdd46e179320c6c753833102f7f266742787a20c8","4.8661267913129E-05","No"
"0xcba7f4f44473e32dd01cd863622b2b8797681955","202.804691957484","No"
"0x1b0347020ac8d3e3541e5645b8a0bcd3c0d5bba8","598.964117156239","No"
"0xd31cc83cae52de8fb5d624a06ae3783f9f4b3020","1.15506523900324","No"
"0x0bd31be7fd5a51ed7994e08619a97bb8f803791e","2.879E-15","No"
"0x5e8d405cbc564473d85a9a31fbfca76167d69978","5.6280791272019E-05","No"
"0x65085f98c1a14a4d531af748a0b0086f9b166f81","7.6622819697252E-05","No"
"0xe33c8e3a0d14a81f0dd7e174830089e82f65fc85","3.88117938086049","No"
"0x7eb3892dfc4529b81a9b10d07f46d9278bbcb35c","38.4651490267879","No"
"0x8018280076d7fa2caa1147e441352e8a89e1ddbe","4.078E-15","No"
"0xc561c9b7035732b4ebdbae6ac43d6a293ab53896","2166.75894033392","No"
"0x07f624ec96d0c506e528aa4cfc4da6d7b94e1b5b","140.007772352332","No"
"0xe55bc20352fb6d77e3c1e146b6614a2d287fee51","50","No"
"0xae04041f493abb01e59d852e2874480b7360801c","831.652284778916","No"
"0x16106e0e66bafc3767ba33756875d7b08ad3213b","5116.48414957906","No"
"0xa68797b9b281e3868eb96eeb7f38ead1cda97bb1","1297.29435677299","No"
"0x6cf79e491054468671872eb8582cedfb96d6c09b","8.80063081462828","No"
"0x6361d059ce1d9f49991dc7410972d3ad7b698773","4968.17557390438","No"
"0x418a1db69e1b85c1cf6f042cccac80f0033d3b62","416.410632108337","No"
"0xb307a38f45edfbfc2cf1e08694ceeb79b22d23fa","1604.89436041579","No"
"0x2b2f308364435d018248c89e38d4a9e4cea6de3b","731.859950424844","No"
"0xaa8070363a48e6c245fab811054bbf2b0b2853d7","240","No"
"0xb9ccd77c5a04fd58ff54fa154502aad65f844245","204.728345301964","No"
"0x7fd95ff46c3fe0695f964041720ed5a93b012bb0","1078.50985789355","No"
"0xd65a907480077a5d2e535f37cc7687943bbe9790","255.181719749372","No"
"0xbe7e72c055d92e43fb61a88d4e0e3545e6c31c99","1000","No"
"0x7c0901edf232cecb827342a880c85184d6bede9e","3090","No"
"0xab9317a3d1c141be550112e1187294742ef3cd77","4319.08416133072","No"
"0xb0220a5a294f69ba3eded32d7f16b2ebecb4dbfe","793.439972873918","No"
"0x38ee34c9ed43e107948c8df2c7bd402d3b87188a","0.175772979937455","No"
"0xd97beffdf558b269257feba5df111ab718b71e24","2349.27577214053","No"
"0xd3618cb2ea9daf1c5c948d367af2cd08a65ea9fd","250","No"
"0xa63a3c29fc916e6808a20463e035bb97fe5b4f6d","877.328057254633","No"
"0xb12c772a61a44eca6021a963bcdc39b6769b6e85","248.492925455108","No"
"0x9f548966d7dd6df9b41848758ab24fdb5482af16","27.01","No"
"0x75a46a0f4ee5d6fc58668a199c2bbfa528700526","2000","No"
"0xfbdeb87969f5610d006d1a4ed79308a5778e77e5","694.545560617525","No"
"0x7a92354f203ead2be4a951bd4f4fd479740485df","8.4898416","No"
"0xf8744367157f7ff07ae0e8a19edd03b00705e57d","180.880686693714","No"
"0x2c81cff975dc92817de4260cd6b468a2070cd0cd","74.8488018416176","No"
"0x4c782c46845f319bd1b9745e638d144c426a7482","20","No"
"0x132d6c72f739e8639e6e7e90fb7cc5c88336cf86","67.2626186323514","No"
"0x135a8fa351712df1e8065d039f0c3f6119c59e7e","175.087448363125","No"
"0xbbe351a3d84f4dd07f381cb37daeba82711268ea","2.2658582356693E-05","No"
"0xdbfb0e80143dd737e04925ffd7af8c355c0d25f9","20007.5845323155","No"
"0x00000000553a85582988aa8ad43fb7dda2466bc7","0.000602373097971872","No"
"0xfc42811de7689e32fbab66058d682d1db1d9cb9e","149.501266153201","No"
"0xffbbafadef0e06676eedd3b727c2e4d48907c754","1E-18","No"
"0x62a08f0535f01623890613f6acbedf19591a9ec3","56.137993875465","No"
"0x516e8055a11ffa089826ed99341c082fdb150a8c","0.000895189898578297","No"
"0x20e220ddcfbbc6de1dd0e2db42020652aeec2be6","163.020546905806","No"
"0x38e455581a450892c668e892388eda69877d9dfb","19801.8376116604","No"
"0x8f756d0862c270cc2d93ef974bc79e46f7d17a78","22.5","No"
"0xbdebe5a49157adec67cff89bbd4da8d96aba9917","38.607011713071","No"
"0xca11d10ceb098f597a0cab28117fc3465991a63c","91.2789843509043","No"
"0x498d1a13459fb868555037550d362198a0ecb647","120.527951219814","No"
"0xd2dc8b6d815f00174b9afd9967c8c651d389d6cd","330.931063122892","No"
"0xb21031d195a31e20c124376ecb9b0c7a9f56eaa4","1604.95352699122","No"
"0xaa44cac4777dcb5019160a96fbf05a39b41edd15","2321.67679610005","No"
"0x65005fe71ad756c4d69d89ca6a360a0eeedbdfe5","323.420524517158","No"
"0xa85ca05b3a7bf19955ca3d5523cff008aef161a5","1.887E-15","No"
"0x601e6981603428bb5a9d76668f122c776d16c078","1772.53753183404","No"
"0x5c789d93c6f5f4b1185cba823c3fbeaacd6fdf7e","1142.51137284915","No"
"0x81f4c3b8644839d15e1876c91da2ec1c32cfb8c9","2162.84328306807","No"
"0x88e8f56b1aa69df05d724f3e75df171227921a35","1.9260322192726","No"
"0x6ae55dab810d23d1b7372bed05f81dcfc1bacac2","514.829435083622","No"
"0x9724b86f6906433bdc46ab8ecfe943bc7636a982","2300","No"
"0x1ca38cec78fe561601fe97e4204dddecc6243246","1000.0005980857","No"
"0xb9bdfb32d6dd87922c05b3e90c9ba36c73039b43","33.8","No"
"0x666e13d86614d3b9e32767859b334c19fb4f2a38","1273.67663964047","No"
"0x75ae2083776b7c875f976da12a4b2cc187987860","200","No"
"0xc288187cd2226cd66b1a986e6ec41489c2cc059d","1851.41109687471","No"
"0x7b57abda731fd473fba87f6bb984d5a59b214745","1000","No"
"0xc7f7b187d4bf9f910ba96683d4175c18f20482f6","2148.7559430462","No"
"0x076962b94fe56d6feae24f0878b7cc0eb506fd82","25.7819069162582","No"
"0x43fae7859b8f905be3e54a516566823298b87d1b","1.327E-15","No"
"0xe48e938c6947b4aa65b1ff696a6e4175eadd50eb","47.3630149371247","No"
"0x5cd228afdc81d06f0ed7d17fed79937adf592041","30","No"
"0x6ef57ec224b8d08aba4502ac3c239d5a017a8a05","250","No"
"0x576f2ce03f9dec176fc2a6cd5b2cfd9bda146a35","6.40140845070423","No"
"0xc990bd138ff23075d2e10f0a092959af2a3e91e0","4567.4721156279","No"
"0xff3e064b5e39edc6be1f6b703707323122fe3a06","371.83","No"
"0x3b534b9df1d3b1f85603b3711e434736ff98b6d9","630.092810570967","No"
"0x9fd72f8c425b4d14a21e5f414347f01856619eb6","50000.149157734","No"
"0x8e2160a024ca85810e5bafba77ea332800c2b231","50","No"
"0x0b000fd71ec63066fea195b1e724ec8aa52e9bb8","2","No"
"0x304240c25dce85c24507b7edbab426932aab7175","31.1104168155268","No"
"0xc115db10d2b9a15b0ce5515a1affb6c6e8d41b4a","624.007936532779","No"
"0x393a08b1840fe5e39aff985d7be959b7bd6c38a5","775.720613714724","No"
"0xdad41ecdbfd1eb70b95e62efe172a6230f8fa7db","73.078977788558","No"
"0xcb8688af051b75e11d59acea7f517d6acf18348d","705.062867748102","No"
"0x262722ee97c22de118ddd7f078f09375a92fee5c","10","No"
"0x186fefed2d3dfb526c0d854da5d5b3655dd4e28a","29.8983644770689","No"
"0x338768f85472099c5ad866e35508847b69db5a61","2020","No"
"0x5f3e759d09e1059e4c46d6984f07cbb36a73bdf1","1E-18","No"
"0xef416747a53726f248a8ea490a3d7c371bb86fe0","278.145128838782","No"
"0x6e0fc44cce1b49323185138217649b5e8996a159","10","No"
"0xf26537aef347e7c8efcfcf64555af3b951ba8862","539.252352271497","No"
"0xf76350a77a2b2a34395d3f50dd5c1f4ea2e7d6da","901.270371746996","No"
"0xdaf7287832850399964da03e10a4b7656cd32d9b","200","No"
"0x65a34a584c587f499d2085ff717c74a638cc97ad","0.005657530742648","No"
"0xd570f8b0b057cae6ce525b21e760305a7e504b61","4100","No"
"0x1faaa3394f1c48abbab5d83958cf3416bce1f9c6","374.2936","No"
"0x0d554b7d4065ccccb16adc209dea1234185bbd07","756.15739579474","No"
"0xbb1a12fa2472a5f14d0318bbcdd2070124112e45","75","No"
"0x0000000071e801062eb0544403f66176bba42dc0","1E-18","No"
"0x050b2f68edccf3743d916abe6bbb1fbda34eb497","9200","No"
"0x330cd818fca7420650aa6cf0f98f2b8d228ddf7f","80.21185045","No"
"0x53a461dc73761578cf3b5ab06e5fc9289281affe","1740.9758816415","No"
"0xabd1645db5ec528ab5d2a2ce9e851ad32e02e9a6","1206.70455285","No"
"0xbfe07a21ccc5cdc5d94067e9002b9a60217b96c6","500","No"
"0xb573ad592cd6b481d7a9fa9c55a34a668a23f3cb","2435.07266171865","No"
"0x3079893a3cb31378aa7845438e81680c3980ebad","30983.6560656945","No"
"0x63e9a5988ee6c9ed448d19d861d65fe2d5f192b0","69425.43449362","No"
"0xbb0db415a71c36518b8f28d5ee5667d162b77de7","21.6833752992828","No"
"0x329318ca294a2d127e43058a7b23ed514b503d76","226.181986159735","No"
"0xd296cd3c26ef44bd35971de4f694e29f351bd9a7","207.166822312779","No"
"0x13874239deab63b9a3469f334e0f7f51678d09db","500","No"
"0xe36288736e5a45c27ee6fa2f8d1a1aed99d3ea63","4613.29728809552","No"
"0x13cd2216c67ccb6a3ca42787a8ba27815c9367d2","65.1237477601678","No"
"0x1a90e8028eaecb9d839678a6c12dc28e74164c06","325.014808368649","No"
"0x12d943c2aa2e50172b705bddf4f26e9eb1018544","1","No"
"0xc5420f43894564eedae4849476897b5597ac5335","1","No"
"0x0da333670b54ccbcc01d4ef5077c9a795b228bd1","1","No"
"0x6db481f71a4fdabcf320c4992938d50f9a66eda2","1","No"
"0x9d0e1f431e17d288a756d23e635912ebce0f31dc","16231.2090549455","No"
"0x0c5ceff56464bd2050f61edbb793a933adf1188c","15190.2507419218","No"
"0xabca2289f0d03773e8b102248997e854aa36cd21","9.2548657966515E-05","No"
"0x873d59965b2c97ecd536be8438153db432597b9d","2974.89449846801","No"
"0x4c209ed2920a9ed4829dd5a8af52548cb427f9ab","16304.9379667889","No"
"0x4f4cd2b3113e0a75a84b9ac54e6b5d5a12384563","4421.15722506079","No"
"0xcdabc098ed9f9831abfcf7eeaf5b628b4adf0d98","323.755365626357","No"
"0x3a25473a5098f8b5ce1bd383416801bff28575b9","1100","No"
"0xf4002e2535785ae17f28d2ed894fecb69b0d8f75","690.846338054841","No"
"0x5dc82c4ddbdae88c4559bab6f24bed3c10e4b8f0","427.785742957011","No"
"0x8c8bfba221e52157b354824e0d270545bfd51d8b","165.031922645535","No"
"0xd82e0708c000b88e69048b711736f093b1b6e7cd","218.2157655554","No"
"0xcd9e86ab917a440ef7957d1060fa27d4d6fc4602","51.9953312008317","No"
"0xf45d6eb0e5adb786425b9232b2a0b949c930ac05","1146.13348718642","No"
"0x80907765c9237828082c5b039333371871f11680","4.89181627843124","No"
"0xfd2bf23a646227431bc935897ca3285ad2a5c82a","11472.7069650396","No"
"0xc2dd204108441f4ad5ab1a18fb56a9f121dd6417","1995","No"
"0x4ae5ecc0885ebecd5d8d027110a5fff327e73d6b","511.1","No"
"0x56ebc608fd6b8f8cef2775a3ee0dddaec01a7000","5.13859084314828","No"
"0x14e495f1c792185c4491b2317a02f3c3c6775c82","1873.45540052146","No"
"0x122120b5d356da4686f2a998cc9d04eb05a35574","1257.89316821648","No"
"0x2144e1299b1b8e98c672e22b433ff25a9631c90c","601.558287680212","No"
"0x602cb48c24f87a1311ebaf594fcc727c9cb42a4a","44.7658288849815","No"
"0x942a5ec32523b26d70312f6cd96583731dfac782","457.680436857954","No"
"0x5a20e36226a39648a47683225604edb039e88ab0","188.675580054335","No"
"0x93e503ada4af863d1fcec32a56102ad0fa4a3de2","39.1811484160594","No"
"0xcef7aa520b21c1597db6979a6aadd61be8bbd43c","439.543375652177","No"
"0x855f6ba6a3cf78ff74a22954947fa2e1ca0892c6","469.196139498436","No"
"0xbb785ec5087a01c45eaba2bad400ba0d0d3cd7c3","10000","No"
"0x105e025b92fafd3aaa39f45a14d84b29849e779f","111.406212495955","No"
"0xafe0e7de1ff45bc31618b39dfe42dd9439eebb32","1E-18","No"
"0x57991e8f4a2bb6fcf2f7c44335f7ff9a9f642069","12891.7071642656","No"
"0x51eba413de14da735cbaa25c33346888bda87101","7933.41931565693","No"
"0xb7466f5af6d8a87560c023a2416acadd093962f1","0.161959734135648","No"
"0x347d70763f0410cbb34a2cbffc7988838fb2f9f2","28.6822659548209","No"
"0xbe2f3c53bc2d3a02a1f91214cf660db0873fb357","6.1897200539681","No"
"0xfc219f2e68f9fefe3887239a26385e9630a2bf08","50","No"
"0x67b254d21b36f3681afebc9cd10da590c87bd575","50","No"
"0x2ec6332319c8467ec4585dbb53d30a39669395f3","50","No"
"0x366aa56191e89d219ac36b33406fce85da1e7554","12000","No"
"0x98040d9fb7da7cbcfac9ac9f697e17d62a53784a","500","No"
"0x6e696750eb3067cdc426434595a4ea0824b0527c","3.384182700352E-06","No"
"0x01aa89fde4cf90345fafa033e0b576e60ea7f7c9","112.97252648293","No"
"0xc542149ca82a2b7034c7ee4d3bbd9c21b5006230","0.00863482725930174","No"
"0xd9463be909ebb97964d3e95e94331063707fc059","30.8558286709549","No"
"0x7f493f8c3d2c5a02ac73aeed566ed410d5c1b291","8550.86113827964","No"
"0x8be4db5926232bc5b02b841dbede8161924495c4","1E-18","No"
"0x0fbca7c1de1593e24a3ca1f943638a676a0b7951","2533.42265997996","No"
"0x180af4e23c23ad10c3fb26f1188097c0b03c1727","127.80236565682","No"
"0xe113e7b1e8ecd07973ea40978aed520241d17f27","1566.45645294017","No"
"0x11ededebf63bef0ea2d2d071bdf88f71543ec6fb","234.435442646421","No"
"0xa942b894affbb0bf013c59d4754ae59c5f3bcc22","2880.501472642","No"
"0xce079e4238e53f4bfed36caea63e19ae268d682d","565.973685432275","No"
"0xfe64cccbfcb816aae3cf89a80cad4d7ac5fe9479","10","No"
"0xed6b99933f01dd31f396bfa787f5c3499dbadc10","1000.37731118403","No"
"0x6ae33b1600c9ed2254313f53f15566b7c53b5d1d","62.137123346946","No"
"0xe41429199cc1467781a0bed7c9eb4ec65a92aaba","1000.52625949364","No"
"0xd8027323dcba0abb4b608c2d4a0a06753957a975","1140","No"
"0xa0fb2a642e88308e95aaf549e9c1cffb41d9da43","222","No"
"0xf1a2c1107af2f646bffc36a076784c31f7f5bf8c","96.635","No"
"0x262fec4171cac789cc15ca63c5a48da9f60e1649","1001","No"
"0x1706440ad7757b587f7213416bb81cdf564deedf","3679.56459773487","No"
"0x0000000000007f150bd6f54c40a34d7c3d5e9f56","11.3938548384689","No"
"0x4d57831ac467ae8576e41736783a62d7c981d936","148.4605","No"
"0x00bf034cec51975faece51b285724301436b21c4","1E-18","No"
"0xdb271085894c031ddc4f5f8c85cdfb73e431f497","4.4450122E-11","No"
"0x6bfd25e040057790f73a7893dd878a28a282eb05","6000.37302114743","No"
"0x68e74e66b23c09fd7acca57bea1c6dd7fae8fe0a","3000","No"
"0x6bf97f2534be2242ddb3a29bfb24d498212dcded","6284.47609299205","No"
"0x00000000002bde777710c370e08fc83d61b2b8e1","1E-18","No"
"0x90f440e449c47f4caf78c62c131dfc38ab491d4a","140.2","No"
"0x2115400a17030cb7595cd6f7e402d0e0bc914832","6180.4730815787","No"
"0x99f900f51808972921c0749efa3cb343847572a6","10000","No"
"0xb43359eb22ae059de51680ab9e935ce91f2d8dcc","407.007273503642","No"
"0xc70e7a9f969a7dfb01adcf75b7b81921ef86f7a2","4962.46775037182","No"
"0x915302cea03a87cd075489cb6ddbafb860fbc8ac","100","No"
"0x690e6dcdb7bd7e66db455239cde426ab5b655e5a","1.567859159024E-06","No"
"0xc6fc825a54cb79c6e742683be1e93589a487d842","12802.8198968095","No"
"0xd8049ac018d0189a21e78fadd0935f391b63d643","124.01012127528","No"
"0x05e5e06f5a9fc08248391bc48c5eb00d437e0a4b","1.3273E-14","No"
"0x44989fce364363c87e26eb7f3bbed31fccbebcbe","430.751849215118","No"
"0x2db6a3427be07f0d0f5e8aaa1e31e761cb5ab7fc","7.12363611801552","No"
"0x4ca089285f2490163dc3b9bc9ecf3c1a7efa7d95","2500","No"
"0x7ffc5fb321e8878a4d528083645e13f17372c990","1009.97019472642","No"
"0xea704843b476a82fcffaece30022c6503fc6f35a","620.404285496815","No"
"0x9852da133976e68075940cb31ed511e9cb32b128","24.70000001","No"
"0x6ae09af53c2ebae913580e47e66189f6ea112ba1","450","No"
"0x84af2f4a795e80543a212c8f104b31fbf9ac3f74","36.7120544843168","No"
"0x86630b83e0e534bc9485dda5809fe1b10a514270","623.167139103865","No"
"0xc4681b7f5206603715998dabac4fa87c586ad63d","113","No"
"0xc02e75bd5fec240d92758de8d088778d04a44907","0.000895052413343382","No"
"0x44d4875a6a7c458f0a14c9fa99db833756755e24","0.001","No"
"0x84ea7b87aaf008088f71c07a7ce6bd1f757eb613","40388.5154038868","No"
"0x35b9e48c10e6c7584d8e83466ec4707f29d5dbd8","10.6888447705773","No"
"0x43805339ea73ca17558e16c8995e291006cf39ce","3100","No"
"0x8a32f8c80678e1ca665c70d03cdb815539305ed5","620.252658552101","No"
"0x5f8188ab19a417bbc365b7458572948e4d1a11b7","756.278173726943","No"
"0x1427459072e655e828dabe53e49ad2b30438ceee","520","No"
"0xf7b18e107eb36797f4ce36de756630b9c30969ad","316.90087536302","No"
"0xf4887f59d89f6b570c0e1d0c536aec909b2601f4","21.1980772467944","No"
"0x2bb0ceed9083ab2bb1ff5270608d642835ddf864","0.309559226962683","No"
"0x67e5ab5b573f01030a1076dda7a79ef0f31a1bfa","1000.00007831849","No"
"0x06b5b6fefc003faafc22f02a12b60a94f850d31b","1786.02435","No"
"0x5247cb423b36888c0aadb915847f29306cf57cba","3.85029162706962","No"
"0xf52d06d55c694549135d7955d46d3da891c538eb","577.386368289762","No"
"0xfa9e221a7af006531a816e98792a3e4b22a01461","13112.1928149647","No"
"0x7963a78381bb95daad848b5b91536656a3ae5b96","163.242772945992","No"
"0xe3328449471ee40be15a474753c3286bf0d14219","5033.41120481313","No"
"0xf7a6c3a5fc2e17d09eaa18c0cdcf7d4d598069c2","0.00405017778900173","No"
"0x7404becad09351583443720f8f520f689e93359e","39315.9630824581","No"
"0xc956e70bcc830c8312090ba6882fca9a88440c08","252.894465154271","No"
"0x08d00000a4110000924db307d00102b30d2b805e","64.995949822211","No"
"0xf1d737aa18cba6914ee7046c5b10a97f53a686c6","117.722966982083","No"
"0xfedb259ca2410f6cabd2034bdb88dafbc0dcff3e","1030.08347274132","No"
"0xa3413d022bdef860b8923446f7024adbabb841d8","29","No"
"0xc58b775068b8b55e64bbd0936a16a85c1f2d2d47","3E-18","No"
"0xa59c52b97c2cdcbbe9d5fcb3240233e3868314c1","1548.35729869731","No"
"0x20f9e5a17b00350f1eaf9ad18bc5be0d54c0bc3f","266.505988868679","No"
"0x5ed185e23f35f0f8fbb32235daefa12684e69e00","44.972688410245","No"
"0xceebc5f15127bb9165d4482e5b03a67abec28ebf","7.09693077850545","No"
"0x9bcb55e6416f01460dd92232fd5b92d117967169","47.1280656926325","No"
"0x15e198793336cd403fa74eccc690fc9e64dbdb78","421.269544311409","No"
"0x871db8e57ce67cd7febc5448318373c99d149d1e","89.2168799780263","No"
"0xcc64e9061387c7c55276a3ffe4e38b0e102aafa1","49.9960876646573","No"
"0x4814ad653896b02b5b06a69d98b131637044fd64","57.6012320452442","No"
"0x8c3396a95c9757ca63935adc2a688088470083e6","4801.75222045468","No"
"0x29faceec357d9747fdc909908332007868cb0380","356.58041548605","No"
"0x49c730ee4b3760ce6724db0edacc4953097f5f1b","6861.06514239292","No"
"0x378991f017670fbb84da4ff1ac821ebb47390551","71","No"
"0x28b37d7f235fe68cf073beb87e78978bc38eecba","252.494943192376","No"
"0x39e5a277aedbbced26c979cd73844dd390e56c2a","893.225194627621","No"
"0x480c18de5dad1fbf861718bf181ec76d9f77c35a","500","No"
"0x64fe10e179b6a56544b8071fee7f6632932e6b09","25.7683433552145","No"
"0xbe23cbb62064b8b1550ae5ada59c39d45b1e2081","72651.4793777343","No"
"0x7db66467963f3bd1dd09c0e3af1368552e8d1ecc","500","No"
"0x9413f56b19b5cdc9a67a5757b954c2b313480c40","1E-18","No"
"0x5f35f4c7b4f90781929d172844e5a747edb3d817","1000.31278820702","No"
"0xecf51aaf03e1fd3cf17299e16dfd19f689583433","900.346108100815","No"
"0x20383cd86d5eeb4af63cf7acb1911cca24141a0d","7.0473974271E-07","No"
"0xb7a31346433430d92846f0181c55fc506b9b22d8","453.476166914237","No"
"0x5be89e9ee22bb5e024a35caa251754c3c010ee75","473.978531176319","No"
"0xeba9d60f93970eb3b196fcbe416f005c5aad52cf","3.85351631585E-07","No"
"0xc8a8de25a446c3a6e96bb327c916b125ed151d4a","105.522644591711","No"
"0x1b981efe5094dedb3df43eb546856fe37618c800","4174.0408275996","No"
"0x0000000094acb89a43eac2fbb3a07973efc2435c","0.000173868553044746","No"
"0x15489e985488f980b21d83f93ff9cbe962b20f20","1E-18","No"
"0xa6585b22c2c7c92e80c33bb6620e2869bad08cf5","1125.91729776007","No"
"0xff764ffc2f3d3282150d7f43058a68e2698fabd8","1","No"
"0x4a6166413509131c1c455923c29a171fc764ffd8","277.990274625157","No"
"0x6896077ebb97f9293d11e2c644c5ad810208a3b7","1928.36461752927","No"
"0xe540c45c504b348ad4d6eb9344e6cfa07c959be6","130","No"
"0xd041f2dc17323b6e6ab32e3887dc36b94e4c03fc","4.8695545156353","No"
"0xb97ba0483f265b13cda929070e09b9bc5a1f44d8","163.496054631204","No"
"0x599602355c1e96102905adb34a7634d85c02ce19","520.582607682071","No"
"0x5624a0b86826df5d89c393c87bb033fc3f92708f","663.732050502849","No"
"0xae694217ce1d2985b97f09d93670513e34768a68","118.697471681596","No"
"0xda569dfdb06d72526246de8b0c44b0d9934cdcb5","119.619238738851","No"
"0x5c5ce0becb661467a08d591d106ded0c1d9fb820","15.4266365301297","No"
"0xa5a2adcac93649a6ddb5c053359af9e816a13a40","80","No"
"0x74cef352303224d97633b736872d2a8d91dd6f59","3600","No"
"0x82637d3bd84f5e255a989ed0e6763a2ef04946c0","473.55103353732","No"
"0x22e82b03dd4c0ac9a290199b61f429727edd20cf","44.5297145152131","No"
"0x689a55a7a142b3e5dc4560223b0fae28762114db","465.009783680865","No"
"0x60458a7e828b4eb8f229d526e21fd6b3522c63c9","16.211853590088","No"
"0x00000000dc0e59517a8114348d9130e7d3835832","1E-18","No"
"0x213ed93dfefccf89fdbbd5fdcd48883d8efc9c60","100","No"
"0x8cadc24341c3f540e50a358b367662f06a9db60a","40","No"
"0x9a679f16a53a7b353c4879e40cf50082d6ebc5ab","83.7754078439915","No"
"0x260289f347ebdfe003ff4b3a071b7542c044787e","1222.22905271217","No"
"0x2d7ef1628662520f4ee68c5d2134b1f7fb48fa9a","121.417382800825","No"
"0xa2b60de1e7640cd3f5934fa12052c8f22cc56936","73.4851136689051","No"
"0xa483c9954e8c6b43cbb6dbdecae14f98d81789e0","50.0042277725076","No"
"0x5815819e1fb45775153f16e5f52cadd343922851","141.406451417571","No"
"0x2bd581ed4f840a5493552551bc7db6d074c0a594","118.519937636848","No"
"0xb7aaa2abde9514aec3acb7b26ae94db9c9c47a13","102.050561287483","No"
"0xdfc026ca5508646dc1efbf79570200e0b27d8d35","90.5183755935392","No"
"0x51b16b2a340d6d635c3b3a717c5a9a737d0914b0","42.357609290427","No"
"0xfc4fe3af75beb6ddc08fbe5c52a66ed4a9b0ff97","191.461394103661","No"
"0x709c1e639ff5bffe9ae26de984c18af0d66b4bdd","12","No"
"0xa48100d789ad2a8569f46f1cc0ff895a4ddedfa7","39.2803248865881","No"
"0x2a9b2cdf64350a602a8ade792e879e6428dfdab9","144.450710623162","No"
"0xaa2cceda619254033c43003ee20495ebe0948dd7","273.334363469713","No"
"0x9a950be24c6f7075d271ba4ff09dca3f7c24fec1","25","No"
"0x3fa250468a6f5f31242d5eaff21728f48793b444","16123.73365839","No"
"0xaac3438d37da2fa2ce9a91c43834757314a2211b","17.665834935642","No"
"0xf734bfb7a395425e3cd284c1c5793a515d2b81ac","369","No"
"0xe237caaa70218808bc0730c3411be85405fdc835","150","No"
"0x29dccd941d6ea3c265df67102f0154be02ccab06","911.970925959492","No"
"0xdf2888291abf06789494e36d6f01fb423afd3273","173.861541367279","No"
"0x74ef70357ef21bad2b45795679f2727c48d501ed","70.1319379001925","No"
"0xd95caec9c2d3d15406193a35a32a530e4c382c77","93.1492426680727","No"
"0xdfd9df5865192f4dceeee205fbfcc4fbc83bf0c0","375.376649793918","No"
"0x45ba201f6f180df5ff1ee99563ad7cbb380b4894","83.1977712925959","No"
"0x9e545574c59115bd78869d815df4d53a70d83fb4","4.3820746290755","No"
"0xcf8bdae13a3f62cc3680521a560c13c7f51b2d5c","100","No"
"0xeaaadc16d54d5a9d584478ec420166324323d652","497.588781537382","No"
"0x0337296bc4d511cc78c0b581fc5b7fea2d3244fe","129.252494761481","No"
"0xdf7a657380558c239727f230356cb4995426b24f","1000.00167528594","No"
"0x4948ca5f2d758d5b82b9c850f6cda867778a3a83","1811.03095716806","No"
"0x3f69d45a7db7698b0fd5ee22f5e5a09f3f5e4cd8","464.846283649516","No"
"0x880c3d24218046089c8b1eef3ef94c66d5ed7d13","100","No"
"0x2a396aaceaca357071de41ba9821f74edef42664","80.3697012481751","No"
"0x1e2f705786ec9929bba5cab70bca23275933931e","12.4815333628516","No"
"0xa784e007b1a04c828004e041a7573bcb70883356","2000.1796948747","No"
"0x357e6a98da9c3bde7e17f5bcbbbd3e2107d117ba","179.780572842266","No"
"0x1d6e8bac6ea3730825bde4b005ed7b2b39a2932d","1E-18","No"
"0x3caa6da8007c50b482004a24eae963eb4072dabb","700.442854260958","No"
"0xbf2a41133a06cb96fe3bd42eb25aff75379a9c78","40.7608673468896","No"
"0xe2e268ec3459497a377d671f0092ef645df0352f","20148.4024864913","No"
"0x4e41a1fcbcb6d17ed87503a5176719533ff32afb","324.545012682133","No"
"0x7536efec28f28df15956689dbbc954bac7fbf35d","91.6829976416201","No"
"0x5ffcc422f187e384bdcebe75797fef34a019a102","111.909500935223","No"
"0x3a319704a85a83c9f50db8ca476b04da57ff0ee1","38.5479307357636","No"
"0x0800b5479e4e47e7caed7c5e9b74ec44d3f0606a","2425.42658631716","No"
"0x2abecaf905a5df4e19ecc39b000730327836d6c3","36.873024115883","No"
"0xe090e4344237416ab3841b7a2458f42b07c2241a","1679.06758272959","No"
"0xa53c4039a6ae6edd7c5c76a2454f8930ecc217f1","7.93989168297627","No"
"0x61477eaa5e33400acc353390ca001be0eb706eb4","65","No"
"0x738a2de936cef3d1607f5ab26460688d47ed249f","500","No"
"0xc0366d8cabc3ec311c0e5878f72bb61b25f67c46","193.061521698758","No"
"0xbe876f14094100727650efb512416765d48af365","209.189756794349","No"
"0xb4e4f89d1b585539b0a8a1921dc5a23abb1bbcf0","100","No"
"0x58eab985aa400beddc765203512936f7530f9081","205.788537209046","No"
"0x3b4e3d54b09322b455fe0266b3e8c77f0968c3f2","295.521226664634","No"
"0x7f49bbe58eff8eb05c42eed8119273e302da16ac","482.689546367282","No"
"0x229b956223dd2f530904f2e1aa844d541a9d9500","290.935263146295","No"
"0xaf0de9616735ed16e25f0c08829d5e37068dd375","20.4787240078195","No"
"0x66c885d022292f9b379706c7986114b17f341d59","655.794848195256","No"
"0x0d86c95d25abdef680c0fd2e653390482465149f","638.263896802264","No"
"0x7060a5a2dee0bd68477e418d82f6b8a07407c223","25.1929109091388","No"
"0x2a814d1fd186b68ad62eb85d0db57d9ce0988624","25.1554628436279","No"
"0xbe0c04ec30d93fec3384f070ddb0252dde38b4fe","5252.09796208361","No"
"0x771848af6e9d6e97fdaa69c787b5449120df249b","250.00047142529","No"
"0xc2450210216922acc1da1947ef23526d63dc9a76","91.9220187209627","No"
"0x577a32aa9c40cf4266e49fc1e44c749c356309bd","1E-18","No"
"0x7d18bfc334aee82680a1b9984e2f6f6dcfc4ec73","1273.67421864762","No"
"0xfbc14f43fcd3b8039827ca2fbc960ffc8eaf8290","108.135283313125","No"
"0x6ee5aa3d5538fd67804c684a7eb4deb9f7437617","71.4259880347813","No"
"0xcf2f1e8ba2840d350b659a860a0305d16313bc53","0.00156410676552704","No"
"0xaa159c38705893d11d3f101bad503c0993b32fe7","2024.83814482098","No"
"0xb44b8f1f521d4b0f6643481eebd43e4583232c76","250","No"
"0xb33af1213a8c1efdd0339857a8388d27eb8b137f","411.959672889969","No"
"0x88b3c7c5a0cf478ada285e16d32d3a508fc3bd1e","549.345367319094","No"
"0x3b2731a62ccc727bef0c6a5e2f5f0af9fe435e54","879.184000031021","No"
"0x4d03d183acadd9de90c7ab0ba7647c4fa0cc3de5","824.168600812424","No"
"0x871717c80bba5abcdd9a8af5e5a423e60815ac1f","200","No"
"0xcc2b6f37109a952896c4741c47230e2e3ea4295a","165.925673827322","No"
"0xda6ca9403980c23153af6767903ef250add128e1","241.416945644347","No"
"0x20156c0fff2bf35870e095b07dc847eddd80c687","70.678091489289","No"
"0x39ae2a6a3b73f8eb29593df357acd8a499918668","4222.91808486944","No"
"0xfbdf8758dc1f3b9638045c5f37e3cf47c88a3ff2","45.9366916535464","No"
"0x2896047086f675473d7d263c1db8b57467899a40","24.1279409415903","No"
"0x14f472dc0294752691fbd925d6ba2bf51d9be1fa","76.4383241113394","No"
"0xf08dd8169274869d0052e70786bc3bfc67f30014","7.4715926182224","No"
"0xb627a0bae651607c8839fe6bdb4d1f156dba58ad","7.42408398829788","No"
"0x740552527c8fca00577ffd85da187ad48a6aaa33","7.42327549135237","No"
"0xa856079c57f858f909046e2bcd737515c7b172a3","7.46914675582832","No"
"0x6121df0266ef77626838ef9be889426694a3978a","219.167380700695","No"
"0x1c709f09668fce05bce96edfdbda8417577a436d","2524.51914494816","No"
"0x60a4e1c43267f142b74dbfd62d3702169c41c039","7.55714181257692","No"
"0xe2c8139a960b57e77858615990065160e41499af","72","No"
"0xbfc4fbbec37c291aed1d14f02b5221d0be0fe8f1","2421.68856003444","No"
"0x592b72fdedb501e48854986c2eef7e1844bfc0b8","2.3317409792E-08","No"
"0xc772bc29c52b53d8ecc252a344ca53e81321568a","50.8299267474376","No"
"0xf3003ed0b068dbda21d8c49f27c422504743a3c3","3479.14630127734","No"
"0x708c4ae7322dd0cea1f69f233810d4a23f26f3b6","8.7441197710489E-05","No"
"0xc504fadc3d630e57386b68e2d67e3c1f9b4f7086","757.782460047995","No"
"0xc9f789fd5b9dde6849e49a9240fccc301d9e8eff","138.09657833023","No"
"0x3751703d260439482daf05eed4105087ebf5ee28","110.726397215458","No"
"0xe12a0d81032365be592c5b27bf50a482815ea6b8","144.006907485017","No"
"0x5b44393855c6590ef5dbba26a40b934542fe5eb0","341.126893804584","No"
"0x266557abc87afd40582fc535fbb677ae5b993ea9","232.335865424906","No"
"0xadf204aa4d49a51f6da8ca991cc6fb7c9091f9ee","82.6060828587752","No"
"0xc2dff5d33fb295ea20a45d2ce2d2bf46606e0420","423.53032895171","No"
"0x27376e26c094be05bae9f3c7eaacff5a9022b12c","433.567150556673","No"
"0x0ae540086e903be4a65b9243a3c856c3f058a9a5","172","No"
"0xb97dd62f1fc76de9157f6b857892edf2e9310f94","27.6900011410029","No"
"0xc6c36e90f4a34ebf7043b581d91a442059ac8d2b","895","No"
"0x6c1e28a81e3f7ffa88a5d18e46c2b884d3dc1b64","4000","No"
"0x755e8744579190b3b8500a5a2dec4066f80b3225","1030.74590171537","No"
"0x7a708d1deb5a6389c6df2d7f59c60cd7b93c51b4","273.7612466614","No"
"0x4acfef39f493992b5f03c1a0748355018dc86a97","668.122802550166","No"
"0x52c90116f5bb776cc1ee0594b6a437c0aad7645f","611.211","No"
"0xa04c091e9fd824f86efd27f0d40fea4240115c82","1000","No"
"0x74ce86151b6f74ad434df22d98f714400a387d07","0.0277242577419738","No"
"0x1f1f68da99e2eb833174d9b24ddffe2fe540b5fe","0.287946886679261","No"
"0xa0fbab207d15226998b7442addb99ee71bb42311","188.296302425911","No"
"0xa69d7c3eb3ac334924d9a5e31d8ea324c9760f4e","70.0774821168106","No"
"0xcca64dc4bde9629d4ae5e92085b95836ac89380f","200","No"
"0x19ffea001d665ddec52d995209afc908726bdecb","500","No"
"0x58024b6c1005de40eac2d4c06bc947ebf2a302af","1527.35114962113","No"
"0x40b7b0f131d292bbcf252b27e4cb23a3bb1cc041","297.091271112991","No"
"0xcd9174f0ce55f78f31893ee5dd301a5d62f2708a","4852.22723601912","No"
"0x487daa79712d37741f7c89f499a993dbec44a55d","207.207124673031","No"
"0x1f2008a4ebe69c39bb5b94d54696c07654ab0ca3","200","No"
"0x2ac84dd8eb32f97598ddebea53493827ca666824","266.607053183064","No"
"0xa2da3b5d896ca156ae412259d763f954dd1975ad","10","No"
"0x06cd8adc40334213e56ee5b32b3567dec21a95d1","1440.597846689","No"
"0x00000000cd47aa64daf64f5144b0d7885754374c","1E-18","No"
"0xb5f9682b625d54c51e1c3a6f6332d5595e933b7a","4890.03542902546","No"
"0xec615449e4f38647f4b04425503feff069bee571","597.463943601086","No"
"0xad158607bbfabbbcc5e4f9a01a0fb80b63b23ffc","829.497045955972","No"
"0x5cf2a1dee2d05836a2c9aa139fd0ccdb9230dff4","0.2594863872843","No"
"0x0142b58b1b59f9673e90a2c9062faf39d347caca","3374.94550563055","No"
"0xe8f7e6442a9187f1dc9fb467edede12ad608d5a0","7.68216703674521","No"
"0xa7f73dcb1dd86186e3839a6a1e84e60fbe52d846","61.6327279872497","No"
"0x7a2a751930f02ba0a09c067716a0028702ed9b4d","384.956052486126","No"
"0xf4274d12e6be49d52a6236d55de5ce014466387d","567.68432709867","No"
"0x72a17450847f986bae29c47fb5e4f8519520c0b4","728.099688275298","No"
"0x537021f054802284f64b46a834c2aa07e8073c7a","1156.96006179128","No"
"0xdfbb7cbeb507197f48618dcbf7c2eb892c0c4c85","28.48","No"
"0x35b28e03924832bdc0fb67fe965410e67707f4ad","856.124480253719","No"
"0x66a6978ad859702d9a856dfdfaae1b944efa947c","847.932019575554","No"
"0x1c3fe3555fccf1f6a3fa342cc35776b8d492cfe8","859.409851974571","No"
"0xb3360219a0f6dd8eb6b8cab21d46bae3764123c3","770.148336877256","No"
"0x83282f600515fdbb14081f20de0868c8c9ead611","0.000937667078491701","No"
"0xbe8f30d9bdb5d9e1103337caadfe80101823f291","0.00918752819021595","No"
"0xdea4b83a71bae99a4ddb4a42e2732c0be6d9fb48","5.5194075","No"
"0x55dde3999eaee58b91ba779d058eeb3a60083a5c","110.146616486474","No"
"0x115a94038028837cda8d664b18220deae8945a1e","79.1844622157278","No"
"0x629ff638a1c253bbc506ae36295df894234a47de","13129.8796831755","No"
"0x910bf2d50fa5e014fd06666f456182d4ab7c8bd2","24.0738576662479","No"
"0x7125eea80fb66dcacb5a654f6d82e60f6c1927c2","201.514698660294","No"
"0x207528b42f6e0a44eb8ba91137c825269ddb091b","353.681600077229","No"
"0xe88ecfb595738e9587d2ebeeab730d221ab84258","4218.50435002996","No"
"0x889e89d0c121c50199fe7554ddc99001e31ca770","330.56","No"
"0x318fe66cad3d8d4c198a371b6f17156c52638aed","1","No"
"0x0cb80713103468077b9ef6df79c6c5a69d2e8255","1362.29051935306","No"
"0x4d63ba67fa0082339a00b30526bce56627e8ad9b","15023.56","No"
"0x64b71f8546c4fcf06fc13294ded73dcaea3fc241","0.00398481924157296","No"
"0xb289a79a4af134790bb27b2528f92c02dbe095fd","227.555324715137","No"
"0x2d9c4258d00ddca63006016303bef9a645d14e3e","6932.68257010055","No"
"0x505a293f9381d364044a4dd1d715ee5efdb735ff","500","No"
"0x61958e7d709827e60d918d4b1c7521a7accef96c","7.3364437280655E-05","No"
"0x54734f265c05ecec127141704ff13266bdda691a","928.083382037049","No"
"0x2866420e93b8b000e64b91e66dccbe9946f7b64e","35.106","No"
"0x38814a873677c5f6c3a2760074d40632ad04d722","118.068126115557","No"
"0xc9dfeccfe5db59933b760995c11242305b9cbca6","270.58439005923","No"
"0xb07fb83288a949ac6160bf4cdd350e2611f37191","150","No"
"0x89396484461a70589b247c04a105f8920db748c6","54","No"
"0x0812d68abac6b2cd1dc9615814299c84cb155f22","4318.57048245169","No"
"0x546741a7f96395927cb029d3f04af7a71a87a20b","27.019902905321","No"
"0x1512f8e80ba026afa59ec92cdceb95112733d81d","55.0245625959945","No"
"0x9a748ae60bfb2c424e329a7b01aeeeb05de6852b","5000","No"
"0xef2e407d39c3d4ee7ec2d9c71eee46a691d32f7c","1390","No"
"0xa2de21dbcf5f704d01048bb010a1a18d46874b8a","1793.66568690279","No"
"0xfe53e594f981e234fcc5e33d3c37943c81766485","81.5432131649259","No"
"0x623ab4b3ff3e4f34a288912ca6196d427afc412b","207.1675239591","No"
"0x41a5b0c6abf72d0102a560e51aef09a40b5d2e52","39000","No"
"0x9d5bef6bced81e501e0d530783714582e2cea47a","900","No"
"0x6ba566f7ab5bdedc05f499f3a6942859ebc34916","779.641712528133","No"
"0x0be0ecc301a1c0175f07a66243cff628c24db852","1E-18","No"
"0xef08bef2edc48b87c4f680f98cb684fe526198c5","1542.96191242672","No"
"0x00bde02a876d67c22e46f4de7abb73178061d577","3469.19825856987","No"
"0x9e336b05c3201353b69dd2849ab58cfdee664778","5069.08789149529","No"
"0xd0b49376903cadc2426e73e06de21142f2b9c673","846.983786554953","No"
"0x1ca3b61b0eaadedbd78e47a508c6008530c904ef","2045.24660348396","No"
"0xfdb4175aec84582715eeef12ef3e84bbea9419e2","1088.05185294887","No"
"0xef3ad60d7580b12f2416831c5cb58ad3852b840b","890","No"
"0x6094d4b6b8d6710dd56682a73c0e6c09b4aa08c6","500","No"
"0xf3e66efe858aa9bb94f097baa14e1168ec3e29d3","2850","No"
"0xc51505e383f34019947802cae02a3432e27e012a","10108.6914067831","No"
"0x8d18ab998eeb0b3ca692763db0ac52241e652697","1039.65918449048","No"
"0xc656d60b42d67909322c8ba3763ca7e7f9aea3e0","342.599909739941","No"
"0xf6e73b3d2a0983f0cc39abfc480bc0e784ba5e9a","675.950390743625","No"
"0x2c879af71ae8d1d2a9321558e069148d48225b72","8485.49561229963","No"
"0x5a323e5865a12a933c288b1fd59dfe40bef2d97f","490.846668260293","No"
"0x79bb24be8208424453e11b5efe6ed57bfac981f8","95.9544177986506","No"
"0xae5fbd6ffac3645d2896c65f2a0e8a064177d470","789.822007003205","No"
"0x389b8bd4fac72ff9aa5fd888a4b3283ac4c14b28","374.885510240218","No"
"0x1d7b13d2c5c130e698dffaa11d76adabc787f269","26.0040203172296","No"
"0xc17d99b37ab02ea07f247a80899715822f8723c3","349.791726357192","No"
"0x8d6a4ce225aa165d1392aac60e19834b0a64f735","88.0713616532775","No"
"0xd3fd25fb85db893a12722d142c7fcb0b991e184c","355.326072653146","No"
"0x679e21a0ed6a30ee97a33e04d8009654f1d763e2","140.272585207018","No"
"0x2e79678f57a35a6d24dd410e1f1c4b24f5eaf924","118.29686619026","No"
"0x18ec3a55c4b492aec31bfe37d6dc2158632703f0","1053.73545346436","No"
"0xda71fa24ad1f9d26cdd15d6bb1579ab33bf027a7","137.8011041964","No"
"0x3727321b9b1318c2716b743e4eea28e0c8fc7f58","176.062099234734","No"
"0xa907ebe15d7759cc971840ea572d0db0a3b2580b","156.921001109458","No"
"0x3af94a298bc5d991909cbea3ef9d47191ae94750","164.742196485821","No"
"0xc49424f95922d4b7e670e2056f6703eb277c1e11","116.470569921024","No"
"0x441229283c15c2dbb60c0ca78ccace94ee238c7c","144.004861456679","No"
"0x6ceca7911c1a4dd84451716b698995324609ad48","99","No"
"0x6f784a30204df69d309a62bb12c5c91b82ddc52b","188.772875038557","No"
"0x0b6bf854cb7c816518a96317893e43ab219bd365","500.445736449093","No"
"0x0c96e96db7eb9934ad85c84dbca5c78ebd4840f9","1973.75993749651","No"
"0xb9d0a141822254047a6f3cba698c50119151b6e9","492.890546454796","No"
"0x88b46c3a4b44acbc5dea87aa8f6efa1333f81459","300.454634328524","No"
"0x1521dc7775ca6d3360c14ee2fb49b9519a82cc36","1040.73823710334","No"
"0x58ee7850019b3584bfff79ccdc6f95b034ce4221","2630.71324571438","No"
"0x441f104a639e12bb534a94b7f426651131cae4fa","15614.0555040499","No"
"0xa3494d3e2feadf448c6cfaae280154745deacad7","333.659790844826","No"
"0xd03e3e767fae065b41fccbfa0dfb3c538cf2b484","20.509161214967","No"
"0x744fc8e876480cd3bc394728c667c214119e1c02","100","No"
"0x07bc1e809b5da69371f7bf29730bc2032f7d36a5","77.9470146063401","No"
"0x267987b4ed90807a427e582acfd170a5fa01be6b","299.329121029528","No"
"0x40fe08e87de3262f5c30ed87325def5f9ce6f64f","793.656925758833","No"
"0xf14272d38037cc0b5553830b401740307cbc3fcf","238.936328007143","No"
"0xa987622a3d7c2d357cf2dd0582651e36354f2b61","135.120026631659","No"
"0x16c7402af1c2d5562ddd1e52565eee0999b4c33b","258.389083179283","No"
"0xb44e6a6e582365bd111a2eeca76e667ce645ea7e","2579.94857374442","No"
"0xcbfda5f4d0be88159587a388cc5f0b91087ca2fd","80","No"
"0xf12d6a7731ddabe38cddc94cb4297c0a46bf3d38","590.587589782018","No"
"0x482579f93dc13e6b434e38b5a0447ca543d88a46","7.10296852198547","No"
"0x6f52a45c54518e5726dfd76d6472ce4f8cd3dc06","1.25346503329155","No"
"0x982288d99d01c8fe69c9fdb13baaa968f6879971","1561.04739971969","No"
"0x10a551ee9b1939af4797a04d23a8dc0cac44c125","170.033448958939","No"
"0xf863bd2073e097310f3a1337b6fd9dd67da1819f","62.5967449385932","No"
"0x15d734550d44dc20103c19f664838f0df145a06c","26.1253118717288","No"
"0x6302946a8d528e134ea9301155f4dadd57189aa3","30.1534","No"
"0x979e52ca52df3dc2b65a06981150fb9486515ca3","126.269862612652","No"
"0xf3352ed80159324b78febbe969585986a8b6d8ff","92.4790072489223","No"
"0xe285d8a8998f59dd4fb6b3038442baab848072ba","684.483842759808","No"
"0x44222073e79439b958d7d925f6dac1ace309625a","500","No"
"0xb6ded9f2923bbee0a0bf2549a6b5483da73025db","1200","No"
"0x08359ab3aa598f7e7d0b5cc9eb58efbb0dc06fbf","1259.4454245439","No"
"0xf2f5207b459a3b6fbeaabdbc6ececed7ca878d1a","264.143408203885","No"
"0xb3fe11229108008b5154a70efcb2e13facf0948d","637.40790043989","No"
"0x8264f488b5558a407a06bcdc3e14c4eb8fd45c6e","48.9647150633699","No"
"0x20e13e46090bb00e1d5c233241f45c26b47cd866","500","No"
"0xeb217a9795b62da0d4308d673aca835c416ffe62","1348.57098772467","No"
"0x1201be09fe51ceedd730285f7c1ca8d4b5f5a519","100.284835956594","No"
"0xa171df891a420e5a441086bd3f179b38d36cad6d","73","No"
"0x5a57768664854af37b821fa5ed23eee113f1d2cf","67.9729293853849","No"
"0x28dd5c8d35a51da814723df13d72cbd971da227f","8032.12216373753","No"
"0x8410f253b0a9b2ae89d71363895610e74ebd160a","67.6367240524418","No"
"0x53ddf4be57664ff36d690797244d132d4307f872","40.5597245026809","No"
"0x8ff745776a12c194a72573ec7744ecd90522c669","229.549204147584","No"
"0x3c1ce65ed9a1d91c284550e7e3be9d146716716e","21.5493603784316","No"
"0xb18e5f56404f87a623d3e9139913a3c3f1f3fde7","6243.458782698","No"
"0x821906ce2e228032552c02667dc0b04d0cdb8bce","1000.44972290963","No"
"0xc1821e3cc4862005b9e397388d0a971b9ffe1735","45.7375046029628","No"
"0x63acb57b970af5bc4b5b23ecf5da4f60cd93ee00","228.36065975916","No"
"0x97765ca5f38d5a99232e5ab8bfe4f3780f7fffe5","200.507367953237","No"
"0x300018c2db5594de36b2401be7c65ba6e62385e4","340.807222577258","No"
"0x793f6c86da7109f83fbb9cd6592cfa9e89a95616","0.710877619858202","No"
"0x888e41178e2cead56e84ea3dca508a615540caf9","363.055987130529","No"
"0x8266d16f3090181375453778964e9e4a16b505de","170","No"
"0xb3693f750c6e1a3383f28963143dcbb2467c7371","229.375596763657","No"
"0x82efb674efd4693a116f45e3fd154182a675b4a9","662.23457423812","No"
"0x3437cf3a7c0639d298d0e1dd5fa96fa66eea9952","1038.677213813","No"
"0xa8f0493f916508c7c3e24711262487a0452a1837","78.3537002997967","No"
"0x662b92197e380ddcc2f329555ec032f535010fce","192.331570314044","No"
"0xfefc49506ca65384a194650512fd55e2f9e2bd45","431.058030144315","No"
"0x761ef130fbae97ac7a2cf252a41b3015347a55d3","5","No"
"0xa686e1e9a96cf82640134bdc930d05138bf0eb5b","631.443822670715","No"
"0x5d69c3ae67719ffa014c27953209aa7081d13209","363.368073147383","No"
"0x92e216ac6dcd7d67f138443f95fdc83bd7dd398f","18","No"
"0x1ec59bd78ba21e16b7183574700682dde68ed5f2","85.3452242114462","No"
"0xd07e7a4447cd529bfe27bbccc883aa2849c7180a","3619.92271878699","No"
"0xe890a4fed400d7c61377386257a0c2c3e2e8c5d4","5000.46573474526","No"
"0xc16889909b104087646a51342e6cb0b71cfb900e","426.289809625642","No"
"0x89db10868fca68b529d55620d0e88ab4bf519f95","100","No"
"0x4da0422495cec4631f841833fb2bac6edfe64f20","203.708116817755","No"
"0x3be0cdbf9b1cad6e6697fc153fba56dea1be4ab7","381.340290158973","No"
"0xbc7ece3b3afe0ca08e8d6309484491ab3341d78a","125.618046392057","No"
"0x32da93c94b0f6a2a1164283dcc8f6685e3baae61","417.496448408923","No"
"0x97cf55e63ab0fcff618f6caa2033466995b73f8d","166.469761463028","No"
"0xfbc0527ac76256cd2731af96198bbe975963ced0","3922.26568109932","No"
"0x0c0a51d9ce6ed561264278d8e3f288cde037b73d","2000.79527432106","No"
"0xa45cf0b416067cbac4cd76e71029f53c67520d87","868.77162415248","No"
"0xb145b16b564fe8163ceb643e5ea3a0974b417aa6","60","No"
"0xba5651e3d4f3d63d19cb6e351147773dbf505095","243.373530982545","No"
"0x0f7ef6d897b9449ec0ef325904c1873ffed8990c","800","No"
"0x978a00921bd0b3a92a1f78250b1a4c12ed2d6c91","490.91037313509","No"
"0x97c8a26e989a73274ee972e40801b82ba11ec77a","301.206799188139","No"
"0x431f08bf564711bde70e168b04b93cbf63416845","418.216647888351","No"
"0x5961903669aaaa0e0e5c386fa054080c621a9e2e","63.1003339708053","No"
"0x9c75a0e4bc1f05ad7da5df534f96872bf3e14afd","744.8047989024","No"
"0xce09ca3ef885538905c4c105739827e36b7ace6c","1235.95907555043","No"
"0x24465f3469e02cf3068d7ceea5de957f4e825ce6","62.959612408327","No"
"0x53a8d71da9624febe6c498b1cdf0c0bad73a5afa","725.488088369398","No"
"0xcc0bdc49b89ae4d3f93da14cfdf484b247996c08","68.4722201090683","No"
"0xa824488c51b8fcfc6bbc021fba25f86a7f6fb378","66.6689495483671","No"
"0x0067723c0f227a4411ffa49549bc0119446d6b75","500","No"
"0x0361f30ee275a755b9e68e159d795621352f7a7d","132.483472477356","No"
"0x0b37c4885613ac2884911c25da96049685445829","127.804027146038","No"
"0x97ce2212e16138c638f90a873872de76aa1f6ec3","356.029699917914","No"
"0x364263091fa1bb80951c7f24ced2fba881db1100","411.796632162583","No"
"0xb03277e94d72d2843b797f3102b7ffd6a2279454","144.173640312329","No"
"0x439ff6313ef59f7b8ad641495ee4188e61b7387f","1000","No"
"0xf90a01af91468f5418cda5ed6b19c51550eb5352","58.1210845892108","No"
"0x9307a6a86c483a154740d8dd6b4a58621f4b6c30","617.921584356667","No"
"0xfb89593422d61f2dcb689aa1f6e4610d925dfb08","60","No"
"0xecc4b9583ea59c8bd4dfaa30e1676e302b39c2ff","605.786949282092","No"
"0x82f29b9408fd17776b8a1e6969bdeefc86f94fd3","125","No"
"0x2b194c26f0ed2db25abbe17a89cbcb328ccf3d55","666.525648162423","No"
"0x836f231db96a2c60071f1023cf0327b6ec53a937","5416.28272459167","No"
"0x5aded39e2650b502501e7adc7f98edc9f2921e72","1464.15564812479","No"
"0x73c371f85246797e4f7f68f7f46b9261eba2f853","145.839875621891","No"
"0x6d8e9b3ed089a0b358b4d75bd8a8722b6415c05a","222","No"
"0xe53699169e2ce5c49dbb85d86de834ad4a4a9d6a","72.169453149706","No"
"0x0148a1143e125a99983a7268839b59c96fb62621","337.387185322324","No"
"0x97be6b04b683f8b86f73766b6830ef858fe008a5","71.8241885381854","No"
"0x3ad72d4b15f5662de166c93534f9922f1060e9da","710.381454655176","No"
"0xdd54eaae4aae0087c37c523c92f9fb326589b5cd","733.539361923797","No"
"0x942d6db00798741061c3cb9b2acf864391b54fb7","13.125","No"
"0x0cf926c30566d9e0d883a7a21108a3d42c9943e6","249.06039913097","No"
"0xccd7176ea4b5a3d75cb2a84be02bb191c63c7ee7","207.920584689422","No"
"0x7b90084e1dcaa6fa4e872cbe4cece1ed08599590","293.934218450601","No"
"0x22b79c38bfd98a304e94f282e1331d515d61d73d","202.245966964817","No"
"0x749b3e49dfea1c6201cb3516626102efd23a2567","300","No"
"0xe9eb41adb9a9f63ff275db29593ac664944f1298","220.832302249812","No"
"0xc0dea543cef465370d88967cabf2f016823bbefa","78.1356447950364","No"
"0xf35ffad8e0ec73cef680f9adeaccd604cb6ed79f","204.827102152077","No"
"0x06899b851e0cc9b1e9348c0e985e6c5454bbd889","395.191557290599","No"
"0x9517bc095e409d8f043805bbaadc35de082f0f3c","1004.37906009984","No"
"0x07d1530b3560afaba17496c011976db37b3fc2fd","73.9198919376059","No"
"0x99b8c31ded78266f66833a8c1997cf30c44d60ef","1792.38147170238","No"
"0x770ee5d60d2352e38bd606ebff5fa6fe5199d2be","318.71833257061","No"
"0x8b32c4500423561bf92e30845e7889aa1ce741b5","620.622893269128","No"
"0x68d2e205bf3f2868e6c71b75fd744e48e470773c","500","No"
"0x517e53b82317ffbbb4820c338f266cff7a3d42e7","507.407571857926","No"
"0x8e5b81dd8b08126b2617f49cdd9cf334794f721c","816.658746752464","No"
"0x3bfe5e8c0f62e926b1244ff9cf20e58299503409","250","No"
"0x6cb37b687b2c935e74f03a352c678b815e480f3f","262.943982111249","No"
"0xa2db796f0b89db0d4c1a0b94213e4878b2e9b36b","82.0128534625008","No"
"0x38160dc5b34ced1307ea5703802b32ef6f70b9a7","115.321921420158","No"
"0x9dfe9313d88467ebe2e93284eb36e45e91f7bce1","10112.5862224397","No"
"0x72e5415cc7e17a55b85cea6c31d7c2094a73627b","450","No"
"0x08c3913b3510e1cb2ae4ab1c34417c90124e53cc","88.1319203065523","No"
"0x70eb6bd2f089c5e07726b601f7af437f0ddbbd00","10","No"
"0x4674a0d3dcf4663a1d24fbc892d564c466a7fee1","45.9052482157652","No"
"0x31ff3eeb1b0d34d23838f9c85be37e0e5613076d","80.6052398233231","No"
"0xfa311750a0e1d2b8b979678ec1a04f56ac8db866","1300","No"
"0xa2d090d74642a057346780443c1499782ed61ee2","837.290139937504","No"
"0x189026c1890f6038be7898e04cbcc3c2d5f70e41","409.51744870123","No"
"0x681694d348f45c9eca4e968cc4cdf996352970ac","77.9474412178099","No"
"0x7d8a8bdbf48a0711eeca5a3f1c895d85cf1009d2","617.34","No"
"0x35db401b4d1850219444aa3002b93e0c0e052897","696.36","No"
"0xc0a327666ab826a5aa3c29ee8cd705aebb686489","729.302695798951","No"
"0xfcf1b4bde8e36a4a8912238cd7acee9a0824f89a","815.46667345792","No"
"0xb0a3c8c9b335590aa79fd7b077e8c70fbe470f66","808.120060530392","No"
"0xd57232b286478ea626983946822702f15c35576a","404.175468547389","No"
"0xf120b1ed48ea4d188ecf51032d57523a9a6a5ea1","162.169543862932","No"
"0xa262d572aa848ba93026a87cdbfc9381dc3c6bc5","56.6902606662295","No"
"0x551ec9faf88969687bf21e630a34c89d65d6d1d7","640","No"
"0xdb852c103f1e1fc00fbb5cdb2550fb4ce1f459d6","420.011623361857","No"
"0x13aed0cf188f9984e6bbdbc3c789668fcc676363","303.044478319925","No"
"0x15d0a55e128f940b8b12b102c0f61427d488d361","245.209570188404","No"
"0x93cbdb6dda70233e44f54f91b4038d4248f49afc","169.813366797876","No"
"0x18a428ce0c31584a21cf8cefdb8849d8013e1994","101.383851140108","No"
"0xf7922380f4bdd2fe677d4e0ecf7da97d86267f1b","2654.76577596918","No"
"0x08f38b09777486bac18df882f2b9e9a181e36bc2","40","No"
"0x498d0c1c491d7b90fa4cc280a0fd27ff58225bca","266.660611057826","No"
"0x25aee1b0f771ce872d642b8e255b5806e749d637","444","No"
"0xffdfe6db1b1ce1bb22c2c5740d261837e0ed3360","113.727271672319","No"
"0x3f01589f272a7ed46e55e98411c5241296bc50b1","1656.64122034248","No"
"0xd00aa07614318eb4d0b1643b5fe09fbd65e1b4ef","218.663248521134","No"
"0xc1da2635153878e4d0389a51f9b6fd4635d5baff","459.155996141919","No"
"0x5b83097a6c8e76fd9111d0307cce3ed6b723195b","175.897984448499","No"
"0x43c77082bad3917312b624a17a44daef1b9b634d","236.526250127288","No"
"0x250ceb39b5c9c5d4dfc2f5e6d39041f7a50ac324","198.752970075145","No"
"0xb858d0ffdfb1263941521e3025d20af0a26682c6","500","No"
"0xb7fd4302eb683185115741a15efe7fdda2e2c886","201.342246753278","No"
"0xa66390425de1f7cfba1ba4fe12ce8d7d573674b3","160.524321696096","No"
"0x11c0a43fdb2038cd981f56be8214fa39a06a04f6","376.08517944998","No"
"0x8f70dca642da872b2f69aa8f899d51a8156318bf","16.1110832849273","No"
"0xf59809301552e2c5ed8d2a236302a3a763629760","22.5983707623058","No"
"0x9d7819da7bc3d6d40b9a9e0442e0894d2ec18d72","100","No"
"0x4194ce73ac3fbbece8ffa878c2b5a8c90333e724","70.0806495049299","No"
"0x5c11a6385e9d0a5b5ec43fea72b83c627733c733","101.882877780441","No"
"0xe25c7470fd6023a25da3aa632a4140d2f7623c3f","815.182059245176","No"
"0xac9c3a77d692c4de953f1f11b723161e259d6b17","80.4209101711474","No"
"0x93eb13455005edc589863ecb2d852edfe05d6627","120.284829460362","No"
"0x273b70caffa29dd74501ced534910a3108b8e4da","5336.99593709166","No"
"0xc42b499f9609f3c38e2f076a4885fc50e73d726b","762.021064345287","No"
"0xcf844c9bf759f1708bd59b31c3100a92fd1cbded","50","No"
"0x4d2de6674b50807beac3866841e006c246b14a9a","617.695591403471","No"
"0x7dc0a282fcc494ef0ea59cba06f8709c04c1aee5","8512.3920605898","No"
"0xa966b5d8c4de47ef4c8ab678b2c08fb426ef42c7","28.5221595063864","No"
"0xb12224dd6b193292775568c87ea736685a43aaea","200","No"
"0x522772849bba533be04bc0c3771ff3a7773d83db","34.5722091571345","No"
"0xf452cd9bd2180bdeb3c57105332ff141a9f90e95","507.736642093558","No"
"0x740b41c87dff3aa52a619a20c069fb2872a15f4a","140.479409326582","No"
"0xa66cd8f622c8c468aabe0fb96a082a1715727128","344.672838088884","No"
"0xa6abb68008ef71b2bde3058b25b1923ebef6ff52","350.895784994979","No"
"0x7511bf05a4ed95ac9b03db189808bd9a6572737f","520.079799694711","No"
"0xbb1d2aca06ada95697549baf44b265d223921e53","67.5630161062139","No"
"0xf0d6999725115e3ead3d927eb3329d63afaec09b","3855.25378410814","No"
"0x9a3d6b710c1f85cb4f44ddb40871d987233b8728","525.156226538784","No"
"0xb4a3108864258d7d71e07ea7aacedd7cc303d022","400.051448505739","No"
"0xf7537f712c380d068604af7c383516837191083e","2992.66636531796","No"
"0xc45649936cca104ceb16457405516cc7d7e57330","145.035557595475","No"
"0xf1246624ebdacae1e3a576949e39321d0201ecb9","1334.85146144675","No"
"0x58e1fa26fcc0b6bb1cadc8bebf804fdbc1c09505","600","No"
"0xf1d271bc259349f9b47eedf7066decd72424bd19","55.378519744898","No"
"0x88b5d711494aa58274b9dc9e4c634ce24a179e8c","60","No"
"0x72e1638bd8cd371bfb04cf665b749a0e4ae38324","431.976465369244","No"
"0xbd06f85d3ddbafff533c8d95de2f7f31c06d8d77","111.11293600012","No"
"0x64bdc09311843c81a3cc8a067ee4784c9bd3b189","17","No"
"0x7dc2a4670276df3e9ee1f0c6c62c4226e6c5fa4d","110.175200226765","No"
"0xb22a08077f45f3eed5af3e95eebfd2523a718124","8.01705610897673","No"
"0x870cf1731034aca407e6620307bb2de1179a4fe3","1001","No"
"0x3b326b5527b705ce9dddb276d6342506d043a607","133.977987380773","No"
"0xec97937f19631c6c4a3daf9dcb3d3ab47779521a","212.24474239597","No"
"0x311608b3402dcf4fc58227839c8339231d6b24ea","320.663784510974","No"
"0xde624bdfcb995c822cbc3fc30b46255455d16e39","14.0228779389313","No"
"0x872ee18a12077a60a8538583961c32399156960d","217.322734658921","No"
"0xdadadb0711ee4388fd080b93f9dc5c0cdb97d166","577.577474085305","No"
"0x92df2a5104fce10d77496710488382eb53def917","506.362713730739","No"
"0x5d8b04e983a2f83174530a3574e89f42e5ee066e","59.0314061189218","No"
"0xb529f0946370c7551681c16ff8fed39546bc3658","482","No"
"0x2cf56d26c0fd0f0a2086f6aafcab25943026605a","50","No"
"0x88e399d855118cc0b2b8f0da50a8306e5318eba8","484.903195259327","No"
"0x1f44df82a2b270d7653f2ff238ee242a9add32df","164.692662878975","No"
"0x53169fe9dd7338aebe407d4fa0c8004b23b1caab","716.358302395281","No"
"0x53179cae102e67af8e1b177e5f1c7103d35602ef","697.098690761579","No"
"0xff2779e68e24b725c625f514acb36736a23391e8","633.11892226412","No"
"0xa8acdcbddc6278a7dea7db1dabb8123b5e3a25af","286.091521638594","No"
"0xe98ad7c8eae006c6db602691f1ba9c8a85bbdc3a","72.6135347427271","No"
"0x2d358b5f25c6ee0cbf1b9a544663ab492725fcf1","87.7133943112603","No"
"0xb3ddf90eb24647b7758c4c37a1837aee54236b39","50","No"
"0x95bd87b9b7706d9721ccca819b826dec66117828","25.558070267319","No"
"0x501f9fd977a91aaebe65bf4bdb6283af9cf68ed1","20.0926413398056","No"
"0x76b3f0cdde964ddd29681a22d283b0b7d5fa4388","488.958028119858","No"
"0x91d0df496624baf34eb64e6c66d515379a25582e","145.691596709829","No"
"0x7dd6426d14c25e47f13b4f0cb1f2fb695c5a0e2b","113.719799519576","No"
"0x050cf6e96c6080b41d41f9de4337386e82b72277","78.7253789990834","No"
"0xd6dd91144d5404d709f658b4ad4275f1d495519f","33.5784127017456","No"
"0xa2871f3ea109bfbde2e639eb516f3763793833f2","600.005601366746","No"
"0x4c44f1b4b3f5871a590e6ab6a94ced44c8755de5","130.836881493447","No"
"0xa792fefe0e59fa17cb181bbcbcd6f159af3dd18b","642.553084307784","No"
"0x142e7cee046dcd6514429bafc87698e985d53603","155.541971623825","No"
"0xd326a679b3f92b77536b92a41490aecdc70432b8","61.6396122100607","No"
"0x68bb5a6d14caceab866037b1502565f5bba17506","502.487693456189","No"
"0xa973fe2e443274a3b8224c9bda83f2cb96862e48","625.810885462214","No"
"0x9faaf44f5e8cfee622fef775259e58b1a81d217b","7813.89778014346","No"
"0x486fc9ed75e094609d39aa11d2bb19fb471555eb","75.9101309836621","No"
"0xdfc31128dd25ce948b8efa5db166e82d0a3e87fc","30","No"
"0x0335e53f3fb5c6a5fdf46abdf5e9ced0772ef9ac","13.9015307276156","No"
"0x3bd9085edae2b7f967559f4799802daaa9e6a773","98.3044949794838","No"
"0x9c4b88fbe06b6b1e461d9d294ecb7fb0c841db4f","55.2339314717161","No"
"0x847e69d96ee565b4fa781edc4534824d77964d7f","112.077794537431","No"
"0xb208f5257f1e12b6e08b8fe0f969e449589c69f1","118.777276137757","No"
"0x90030c3b2411cba74ef0a7f7e369959b73ad7437","12.3881487758554","No"
"0x3c6af25379524c50fc118cc4f7f74daa93c341c3","16.2900137443405","No"
"0xad53b2a7743ec0793f909e94ac4c21515761b048","50","No"
"0x9973b32023e560e1e6d5680c19ad1424027b11d6","51.7536860016458","No"
"0x6763b1f38a089cb0057dd9db14f6f5fedc44a7b3","62.0564481400846","No"
"0x9b8b580fc6d85f52d45d522ba96357b218631463","62.2487605848027","No"
"0xb71103ffb201a987c6a78f590b25d3c1e4b4507c","132.100118455719","No"
"0x21ff0cb6a25f7644b26e38830afa77bd1f8b4ecf","52.2665744370526","No"
"0x7c424d4b753185c6e91e0cdd5fd98076198c51b2","41.9906129763265","No"
"0x474616f97d50a041ed4e64b1c27ac17aeef99f4d","100","No"
"0xed9e28f92a8cc276aaafbbc0eda23ec561b094d4","1673.03270750871","No"
"0x99fc541718ed464fd7e1c62bc94ed3ebecf16d2a","12","No"
"0x95c48c16f3acff8bdc764bc1774f227d13599549","86.1345073193629","No"
"0x155f64a5c850c42b21023cfa0305b054a76d27f1","143.090510407328","No"
"0xce4fe64177947d885bd1fa6f9f1d54230937571f","59.5326652304908","No"
"0x8792671d12dba3f708956860f89b1d9b18dc15f5","50","No"
"0xaab501878e61d80b27e8d1f6b69f0185ca2ac44f","5","No"
"0xe2de13ed36177ad43cb2a399f8c53de407b13ab9","267.744865219152","No"
"0xd63f33799ef263fb4eb055f333d5fc64ef926e80","325.349716461488","No"
"0x738a1ea9df66af8761292d6f4346dc2b8f1881f1","516.616253671399","No"
"0x3aa80f86314fc45e380e14f06865d62e746b267e","68.1821469898796","No"
"0x7e28ef0a5e80962001aa935b5285783cee663e30","177.812841755397","No"
"0x702fe637e120042a1b80e9ab97242462fea30850","64.0797557230285","No"
"0x79ba7caefbc742b93109acb49bb5ddc644f2382e","223.436887621891","No"
"0x37129c9c47eaab3d9f0950c60ef323756f7bc133","246.669577065987","No"
"0x1917a94b4f889d811be2b4f5d597affe771af74b","43.7178048630041","No"
"0x57b4a5f470c85d4281f7baf5162b59243a3491df","1302.99393984037","No"
"0xec4454e7c8062bedf3f2f719e73671c6e9da6efa","100","No"
"0x3ecae6912afb92bcd8fd68fe4d12b353c8ce747d","498.096719456652","No"
"0xa6a4eb581263e6d753850f6a001855f04ebd03b3","503.882158883781","No"
"0xc1ac86a8407c58738cc944ef5b216af7c3e3ab42","75","No"
"0xfd1fb195631503a927650c4432d32566d1d24166","25","No"
"0x60b1fa8a8610d3f1956f79b21ffeefc96125a255","162.349989686357","No"
"0x5bf7d03f58f88c6b5b4c7872df146bb11d7d59f2","1314.11262135845","No"
"0xa8f35eebf8b9e5d5ba54b51f04b8295525352317","653.322978834745","No"
"0x5088de21d8268c7a52cb2d431f1bc1714f9313ab","62.9013097836624","No"
"0xcd754fa99a86abbe342a93c7d741ad718a604559","251.120267622338","No"
"0x6c46489194bbc861723049b27ee563995b85bba1","82.6042392537202","No"
"0xee53c07c083220571332a676174ecc0145c7cba7","62.9800570103308","No"
"0xc270dcc50812fd9e5cba84db5c11454608bb9ec8","193.819481192733","No"
"0x9814a23a54702e8cf1c13ecd29214b19a1ab1628","73.188444889163","No"
"0x38f8d1f4b1ceb197ff36ea968af2ea90dbc0cf70","52.4890108569832","No"
"0xbc12fd3c9679b36631af3351f9e9c908e179d0e7","5435.93315767067","No"
"0xa681b8ade97554030760b8d0e7bce39731990ec4","51.1976390387855","No"
"0x30cbf0d637f29edade332af4adfd181a9f5d6ce8","602.256249001431","No"
"0x2e771628e765c04a06252801177332d078a19a21","274.684505326335","No"
"0x18602ae6f9661792c54ddc89e9d807042c680225","2479.28204357625","No"
"0x2436c3b076e87493f30e6591119d0689078047ec","160","No"
"0x83000dd0564c4526f3fda0c78ed78d11d4864d50","1036.22620148178","No"
"0x1a3da764889219efe20b9a9636513e6669ca1168","119.9263401693","No"
"0x10834a643c79111be7941059992ec2591b5ba591","3854.51542583662","No"
"0xe9cc0d4caa5ef1bcf4c216b3cac239c1452ae740","525.84833115649","No"
"0xcd010c27fdaab104f30366599caa7400c45a29f3","80","No"
"0xc4f20b2cbdd108fd8be8db04ec854098322a6843","100.17941537709","No"
"0x8a334404308007167eae98919e1dcde4018608fc","304.501606402108","No"
"0xe3f1ca0e4234d5c586379818e9c47acbe4ad6d73","170.359747601911","No"
"0x7d4323dd5412838c614e61cb02a94f92f355ea08","1000","No"
"0x1ed2d82bdb0015983e574f82e70b5216c3c5fbf3","84.0965217090253","No"
"0x60187eb3265dedadf5836c22b46d2931c79a8715","480.121956919422","No"
"0xae8a5078d7290ee38a8cda4caaee020a2a249655","227.721402100792","No"
"0x462898ad742c7d5a02ded65eb78964e035f6e448","205.127763525398","No"
"0xdad88f1609857f79286ea1b5182bb1bb93357a17","755.63294945717","No"
"0x58432314d6b937c2d19f11fdfef27f4bafb6910b","50.0560883815871","No"
"0xc54de55994695837d103c557a3af27de7a03427b","746.7","No"
"0x820050416968a3495aced9d02007a00e0b32d33d","3544.19326172928","No"
"0xecdb01914da362c0fec0b5559227574a31647aff","400.099794969231","No"
"0xe6d178cfe2b5b8be0bd6d124cbf04304c4d0da45","92.9502430302826","No"
"0x58b73b0ef1aeadd67c98605557c4f77e8af99b5f","424.704934956842","No"
"0x843526910b4b43b09b6a176af39cb0efbf30d56d","116.965416466941","No"
"0x81bc75f99d8cf88677239f0b847379b00f1e822c","200","No"
"0x73628b1a3b83c340a45583492d5fc0b846855f2d","20","No"
"0xfdc3a4e9f7f3ce4e571c71383766064394c3607d","654.824108237583","No"
"0x9c7abf5ebae7454458319a5cdcb8c100b8f86990","1000","No"
"0xfda6dddaff5e2bf007949dd28b123ffe54398435","1861.57994557797","No"
"0x27150971ed1f6ea82924c83b00bfc63098299e7c","917.442593817677","No"
"0xe7b0269f7cf0c9daf960dca3f41183f30f821157","350","No"
"0xc8ff8c9859e72bca6dcb14195da0518cd04fe44b","70","No"
"0x75e02ecb4ff7da1e191f12da20d483fb78d884b3","1660.93044576823","No"
"0xb824f9e5188be6c3ba5ae65234ff28c56f78ada1","254.521001279024","No"
"0xbcc90f22d00dfc09304f68a3a46944336e27cf7f","234.297163872018","No"
"0xe9867710be2892f754d71c358ac02150869f01df","907.198350816777","No"
"0x20fe14f578e398b2226c65e6ba47fe81cfdc8505","5603.55737299473","No"
